题号,题干,A,B,C,D,E,答案,难度,题型
1,中国近现代史，是指（）以来的中国历史。,1840年,1860年,1900年,1919年,,A,易,单选题
2,中国近代史是从1840年鸦片战争爆发到（）的历史。,1919年五四运动,1927年大革命失败,1949年中华人民共和国成立前夕,1956年社会主义基本制度确立,,C,易,单选题
3,1842年8月29日，清政府与英国签订中国近代史上第一个不平等条约——（）。,《南京条约》,《北京条约》,《天津条约》,《马关条约》,,A,易,单选题
4,中国共产党一经成立，就把实现（）作为党的最高理想和最终目标。,共产主义,社会主义,资本主义,帝国主义,,A,易,单选题
5,十月革命一声炮响，给中国送来了（）。,无政府主义,新黑格尔主义,新康德主义,马克思列宁主义,,D,易,单选题
6,近代中国人民的革命，在（）以前，属于旧的资产阶级民主主义革命范畴。,辛亥革命,新文化运动,五四运动,中国共产党成立,,C,易,单选题
7,推翻“三座大山”，是（）的主要任务。,旧式农民战争,旧的资产阶级革命,新民主主义革命,社会主义革命,,C,易,单选题
8,中国人民的革命斗争进入新民主主义革命时期，（）成为民主革命的领导力量。,中国农民阶级及其领导人,封建地主阶级及其武装力量,民族资产阶级及其政党,中国工人阶级及其政党,,D,易,单选题
9,建立一个（）领导的以工农联盟为基础的人民民主专政的人民共和国，是中国共产党领导中国人民进行新民主主义革命所要达到的基本目标。,农民阶级,工人阶级,民族资产阶级,小资产阶级,,B,易,单选题
10,通过一系列不平等条约和其他方式，西方列强在中国攫取大量特权和利益，如（）。,割占香港岛,外国船舰可在中国领海自由航行,外国人在华不受中国法律管束，享受领事裁判权,协定关税,,ABCD,易,多选题
11,在半殖民地半封建的中国，（）的联合压迫，严重阻碍了中国的社会发展和进步。,民族资产阶级,本国封建主义,城市小资产阶级,外国资本-帝国主义,,BD,中,多选题
12,随着近代中国社会性质的改变，社会阶级关系也发生深刻变动，不仅原有的阶级发生了变化，还有（）等新的阶级产生出来。,工人阶级,农民阶级,资产阶级,小资产阶级,,ACD,中,多选题
13,在1949年新中国成立前，中国人民继续遭受（）的压迫，被称为压在中国人民头上的“三座大山”。,民族资本主义,帝国主义,封建主义,官僚资本主义,,BCD,中,多选题
14,事实表明，不触动封建根基的自强运动和改良主义，（），照搬西方资本主义的其他种种方案，都不能完成中华民族救亡图存的使命和反帝反封建的任务。,变法运动,修正主义,旧式农民战争,资产阶级革命派领导的革命,,CD,易,多选题
15,鸦片战争以后，中国社会发生两个根本变化，包括（）。,独立的中国逐步变成半殖民地的中国,封建的中国逐步变成半封建的中国,独立的中国变为西方列强的殖民地,封建的中国逐步变成资本主义的中国,,AB,中,多选题
16,新民主主义革命的胜利的重要意义有（）。,彻底结束了旧中国半殖民地半封建社会的历史,彻底结束了旧中国一盘散沙的局面,彻底实现了中华民族伟大复兴,彻底废除了列强强加给中国的不平等条约和帝国主义在中国的一切特权,,ABD,中,多选题
17,（）宣告中国人民当家作主时代的到来，中华民族以崭新的姿态屹立于世界民族之林。,抗日战争的胜利,中华人民共和国的成立,社会主义制度的建立,社会主义改造的完成,,B,易,单选题
18,新中国的政体是（）。,议会制共和制,总统制共和制,人民代表大会制度,议会制君主立宪制,,C,易,单选题
19,新中国的国体是（）领导的以工农联盟为基础的人民民主专政的社会主义国家。,工人阶级,农民阶级,地主阶级,资产阶级,,A,易,单选题
20,新中国成立初期，以毛泽东为主要代表的中国共产党人，团结带领全党全国各族人民，（）以及促进经济文化等各项事业恢复和发展，开始了由新民主主义向社会主义的过渡。,巩固党的执政地位,确立人民当家作主的国体和政体,捍卫新中国的独立和主权,实现祖国大陆的解放和统一,,ABCD,易,多选题
21,社会主义基本制度在中国大地落地生根的标志是（）。,土地革命完成,封建婚姻制度被废除,镇压反革命运动结束,社会主义改造基本完成,,D,易,单选题
22,（）实现了中华民族有史以来最广泛最深刻的社会变革。,土地革命完成,封建婚姻制度被废除,镇压反革命运动结束,社会主义基本制度的确立,,D,易,单选题
23,以（）为标志，中国进入改革开放和社会主义现代化建设新时期。,1954年《中华人民共和国宪法》颁布,1978年党的十一届三中全会,1992年确立社会主义市场经济体制改革目标,2001年中国加入世界贸易组织,,B,易,单选题
24,（）推翻了统治中国几千年的君主专制制度，但未能改变中国半殖民地半封建的社会性质和中国人民的悲惨命运。,李鸿章等人发起的洋务运动,孙中山领导的辛亥革命,康有为等人发起的维新变法,实行“新政”,,B,易,单选题
25,（）是马克思主义中国化时代化的第一次历史性飞跃。,毛泽东思想,邓小平理论,“三个代表”重要思想,科学发展观,,A,易,单选题
26,走过百年奋斗历程的中国共产党在革命性锻造中更加坚强有力，党的（）显著增强。,政治领导力,思想引领力,群众组织力,社会号召力,,ABCD,易,多选题
27,中国古代物质文明和精神文明丰富多彩、灿烂辉煌，表现为（）。,古代中国的经济发展和科学技术长期处于世界领先地位,古代中国的哲学思想博大精深,典籍文献浩如烟海,文学艺术高峰迭起,,ABCD,易,多选题
28,在中国封建社会的经济中，（）占主导地位。,封建地主土地所有制经济,封建农奴制经济,自由交换的商品经济,垄断资本主义经济,,A,易,单选题
29,（）是中国封建社会的基本生产结构。,以物易物的自然经济,以个体家庭为单位并与家庭手工业牢固结合的小农经济,资本主义性质的手工工场,资本主义机器生产,,B,易,单选题
30,17世纪下半叶至18世纪，中国封建社会走向末世，衰相尽显，危机四伏，具体表现为（）。,经济生产凋敝,土地高度集中,实行“海禁”的闭关政策,大机器生产广泛应用,,ABC,中,多选题
31,（）标志着世界历史开始进入资本主义时代。,1640年的英国资产阶级革命,17至18世纪的启蒙运动,18世纪60年代起的工业革命,19世纪末20世纪初帝国主义形成,,A,易,单选题
32,19世纪初，英国工业迅猛发展，（）成为资本主义世界的工业中心。,牛津,伦敦,爱丁堡,利物浦,,B,易,单选题
33,1840年，英国发动侵略中国的（），中国历史发展从此发生重大转折。,鸦片战争,第二次鸦片战争,黄海海战,八国联军侵华战争,,A,易,单选题
34,19世纪前期，（）已经基本上完成工业革命，成为世界资本主义最强大的国家。,英国,美国,法国,日本,,A,易,单选题
35,英国的鸦片走私造成（）。,中国的白银大量外流和财政危机,加重了劳动人民的负担,银贵钱贱,直接毒害了中国人的身体和精神,,ABCD,易,多选题
36,1842年6月，英军集中兵力猛攻长江门户吴淞炮台，江南提督（）率领守军，顽强抵抗，英勇杀敌，最终英勇牺牲。,邓世昌,陈化成,刘永福,冯子材,,B,易,单选题
37,随着近代中国从封建社会逐步演变为半殖民地半封建社会，中国社会的阶级关系也发生了深刻的变动，体现在（）。,有的地主直接创办或参股民营企业，转化为资本家,有的农民破产或失去土地后流入城市，成为产业工人的后备军,诞生了新兴的被压迫阶级工人阶级,诞生了新的阶级资产阶级,,ABCD,易,多选题
38,中国的民族资产阶级所经营的企业有（）的特点。,原始积累不足,大多数规模偏小,设备落后,技术先进,,ABC,中,多选题
39,近代中国半殖民地半封建社会的矛盾呈现出错综复杂的状况，包括（）等矛盾。,中华民族与资本-帝国主义的矛盾,农民阶级与地主阶级的矛盾,资产阶级与地主阶级的矛盾,无产阶级与资产阶级的矛盾,,ABCD,易,多选题
40,在错综复杂的近代中国半殖民地半封建社会的矛盾中，占支配地位的主要矛盾是（）。,各帝国主义国家在中国争夺的矛盾,帝国主义和中华民族的矛盾,封建主义和人民大众的矛盾,资产阶级与地主阶级的矛盾,,BC,中,多选题
41,（）是近代中国最革命的阶级，是中国新生产力的代表。,农民阶级,工人阶级,小资产阶级,民族资产阶级,,B,易,单选题
42,中国工人阶级有（）的特点。,受剥削最深,革命性最强,非常团结,纪律组织性弱,,ABC,中,多选题
43,中国民主革命的主力军是（）。,农民阶级,工人阶级,小资产阶级,民族资产阶级,,A,易,单选题
44,资本-帝国主义列强对中国的侵略，首先和主要的是（）。,文化渗透,经济掠夺,政治控制,军事侵略,,D,难,单选题
45,资本-帝国主义列强依仗先进的武器和军事技术，对中国（）。,进行武力威胁,发动侵略战争,武装干涉中国的内政,出兵镇压中国革命,,ABCD,易,多选题
46,资本-帝国主义列强对中国进行军事侵略包括（）。,发动侵略战争，屠杀中国人民,侵占中国领土，划分势力范围,勒索赔款，抢掠财富,控制中国内政,,ABC,难,多选题
47,1842年，英国强迫清政府签订《南京条约》，把（）割让给英国。,澳门半岛,香港岛,辽东半岛,中国台湾全岛及所有附属各岛屿和澎湖列岛,,B,易,单选题
48,1849年，葡萄牙武力强占（）。,澳门半岛,香港岛,辽东半岛,中国台湾全岛及所有附属各岛屿和澎湖列岛,,A,易,单选题
49,1887年，（）胁迫清政府订立通商条约，允许其“永居管理澳门”。,西班牙,葡萄牙,匈牙利,意大利,,B,易,单选题
50,（）于1858年胁迫黑龙江将军奕山与之签订《瑷珲条约》，割去黑龙江以北60万平方公里领土。,英国,法国,美国,俄国,,D,易,单选题
51,通过《瑷珲条约》以及（）一系列不平等条约，俄国共侵占中国领土150多万平方公里。,中俄《北京条约》,《辛丑条约》,《勘分西北界约记》,《改订伊犁条约》,,ACD,中,多选题
52,1895年，（）强迫清政府签订《马关条约》，割去中国台湾全岛及所有附属各岛屿和澎湖列岛。,日本,英国,法国,美国,,A,易,单选题
53,1898年，（）强租山东的胶州湾，把山东划为其势力范围。,英国,法国,美国,德国,,D,易,单选题
54,资本-帝国主义列强侵占中国领土，划分势力范围，主要体现在（）。,迫使清政府签订不平等条约，破坏中国的主权和领土完整,霸占中国通商口岸内的土地，设立完全由外国直接控制和统治的租界,获得了在中国领土上驻兵的特权,剥夺中国的关税自主权,,ABC,中,多选题
55,1901年（）规定，外国军队有权在北京使馆区和北京至大沽、山海关一线包括天津、唐山等12处“留兵驻守”。,《南京条约》,《天津条约》,《马关条约》,《辛丑条约》,,D,易,单选题
56,（）从俄国手中攫得租自中国的旅顺口和大连湾、长春至旅顺口的铁路及其他有关权益，并在旅顺设置“关东总督府”。,日本,英国,法国,美国,,A,易,单选题
57,八国联军侵华战争时签订的（），规定中国应支付的赔款额高达4.5亿两白银，分39年还清，本息合计近10亿两之巨。,《南京条约》,《北京条约》,《马关条约》,《辛丑条约》,,D,易,单选题
58,列强在侵华战争中公开抢劫中国的财富，肆意破坏中国的文物和古迹。最典型的是（）抢劫了清朝皇帝的离宫圆明园。,美国军队,英法联军,俄国军队,八国联军,,B,易,单选题
59,“允许外国公使常驻北京”出自（）。,《南京条约》,《天津条约》,《马关条约》,《辛丑条约》,,B,中,单选题
60,自近代以来，资本-帝国主义列强采取种种方式控制中国政府，操纵中国的内政、外交，其中（）导致外国人可以在中国横行不法，中国政府却无权干预。,列强在中国享有领事裁判权,外国公使常驻北京,中国海关被外国人把持,列强向清政府供应军火、船只,,A,易,单选题
61,（）自1863年任总税务司开始，直到1908年回国，掌握中国海关大权达40余年之久。,英国人赫德,英国公使普鲁斯,英国人李泰国,美国公使田贝,,A,易,单选题
62,1859年，海关总税务司署在上海设立，（）成为第一任总税务司。,英国人赫德,英国公使普鲁斯,英国人李泰国,美国公使田贝,,C,易,单选题
63,为了镇压太平天国农民起义，资本-帝国主义列强的做法有（）。,强迫清政府作出永远禁止中国人成立或加入任何反对它们的组织的承诺,向清政府供应军火、船只,派外国军官组织并指挥“洋枪队”,动用陆海军，对太平军作战,,BCD,中,多选题
64,资本-帝国主义列强对中国进行政治控制包括（）。,控制中国的内政,把持中国海关及对外事务,镇压中国人民的反抗,扶植、收买代理人,,ABCD,易,多选题
65,资本-帝国主义列强对中国进行经济侵略的方式有（）。,强迫中国支付巨额的战争赔款,控制中国的通商口岸,剥夺中国的关税自主权,实行商品倾销和资本输出,,ABCD,易,多选题
66,（）之后，中国开始逐步丧失了关税自主权。,鸦片战争,第二次鸦片战争,中法战争,甲午战争,,A,易,单选题
67,外国资产阶级在中国的通商口岸开设洋行，垄断性地经营进出口贸易，这样导致的恶果是（）。,近代中国的进出口贸易进一步发展起来,近代中国从事进出口贸易的商家数量大大增加,外国资产阶级逐步控制了近代中国的进出口贸易,近代中国的民族资产阶级壮大了,,C,易,单选题
68,资本-帝国主义列强在中国（），获取超额利润，压制中国民族资本主义经济的发展。,开设工厂,开办银行,修筑铁路,开发矿山,,ABCD,易,多选题
69,外国资本在中国设立的（），是它们对中国进行资本输出的枢纽，是列强对华经济侵略的中心。,工厂,银行,铁路,矿场,,B,易,单选题
70,资本帝国主义列强对中国进行文化渗透，其目的是（）。,帮助中国弘扬传统文化,宣扬殖民主义奴化思想,麻醉中国人民的精神,摧毁中国人的民族自尊心和自信心,,BCD,中,多选题
71,外国教会中的某些势力还利用宣传宗教和西学的名义，为资本-帝国主义的侵略制造舆论，如（）。,通过在中国办的某些报纸、杂志，翻译、出版的某些书刊，宣扬殖民主义奴化思想,通过兴办教育，传播其价值理念,大肆宣扬“种族优劣论”,撰写文章《两个强盗》，控诉巴特农神庙的悲剧在圆明园重新上演,,ABC,中,多选题
72,（）的抗英斗争，是中国近代史上中国人民第一次大规模的反侵略武装斗争，显示了中国人民不甘屈服和敢于斗争的英雄气概。,西藏人民,三元里人民,天津大沽炮台守军,香港中国造船工人,,B,易,单选题
73,太平天国农民战争后期，太平军曾多次重创（）。,日本关东军,洋枪队“常胜军”,洋枪队“常捷军”,英、法侵略军,,BCD,难,多选题
74,台湾绅民发布檄文，表示“愿人人战死而失台，决不愿拱手而让台”表达了誓与台湾共存亡的决心，发生在（）签订之后。,《南京条约》,《天津条约》,《马关条约》,《辛丑条约》,,C,易,单选题
75,（）签订后，台湾人民反对割台，与总兵刘永福所率领的黑旗军共同抗击日本侵略。,《南京条约》,《天津条约》,《马关条约》,《辛丑条约》,,C,易,单选题
76,以下人民群众的反侵略斗争中，（）不是发生在八国联军侵华战争时期。,义和团在廊坊袭击和围困八国联军2000多人,太平军在浙江慈溪击伤“常胜军”统领、美国人华尔,义和团和清军在天津老龙头火车站与侵略者拼死鏖战,义和团与清军在东北抗击沙俄侵略军,,B,易,单选题
77,中法战争期间，法舰进犯淡水，都被督办台湾事务大臣（）指挥守军击退。,冯子材,吴彭年,刘永福,刘铭传,,D,难,单选题
78,1894年甲午战争中，海军提督（）率北洋舰队从到朝鲜返航途中遇上日本联合舰队12艘军舰来袭，迎敌而上、奋力反击。,丁汝昌,冯子材,关天培,陈化成,,A,易,单选题
79,1894年甲午战争中，“致远”号管带（）下令向日舰“吉野”号猛撞，不幸被鱼雷击中，船体炸裂沉没，全舰250名官兵壮烈牺牲。,丁汝昌,邓世昌,刘步蟾,林泰曾,,B,易,单选题
80,19世纪70至80年代，列强从侵占中国周边邻国发展到蚕食中国边疆地区，使中国陷入“边疆危机”，体现在（）。,英国从印度侵入西藏,美国从缅甸入侵云南,法国从越南侵犯广西,俄国从中亚入侵新疆,,ACD,中,多选题
81,帝国主义列强对中国的争夺和瓜分的图谋，在（）爆发后达到高潮。,第二次鸦片战争,中法战争,中日甲午战争,八国联军侵华战争,,C,难,单选题
82,1885年3月，爱国将领（）指挥清军在中越边境前线大败法军，取得镇南关大捷和谅山大捷。,冯子材,吴彭年,刘永福,刘铭传,,A,难,单选题
83,八国联军侵占北京后，（）发布镇压义和团的上谕，称“义和团实为肇祸之由……非痛加铲除不可”，并命令各地文武官员对义和团要“行查办，务净根株”。,光绪皇帝,溥仪皇帝,慈禧太后,摄政王载沣,,C,易,单选题
84,（）是近代中国睁眼看世界的第一人。,郑观应,林则徐,魏源,王韬,,B,易,单选题
85,（）主持节译了《世界地理大全》，编成叙述世界五大洲30多个国家的地理、历史等情况的《四洲志》一书。,郑观应,林则徐,魏源,王韬,,B,易,单选题
86,魏源编成（）一书，介绍了世界各国的历史、地理，总结鸦片战争经验教训，论述海防战略战术以及西洋科技船炮图说等等。,《盛世危言》,《海国图志》,《救亡决论》,《天演论》,,B,易,单选题
87,（）在所著《盛世危言》中提出大力发展民族工商业，同西方国家进行“商战”，设立议院，实行“君民共主”制度等主张。,郑观应,张之洞,王韬,严复,,A,中,单选题
88,19世纪70年代以后，（）等人不仅主张学习西方的科学技术，同时也要求吸纳西方的政治、经济学说。,王韬,薛福成,马建忠,郑观应,,ABCD,难,多选题
89,提出设立议院，实行“君民共主”制度主张的是（）。,郑观应,徐桐,刚毅,翁同龢,,A,难,单选题
90,1895年，（）写了《救亡决论》一文，响亮地喊出了“救亡”的口号。,郑观应,严复,魏源,王韬,,B,难,单选题
91,1898年4月，（）在保国会的演说中，把中华民族普遍产生的亡国灭种的危机感表达得淋滴尽致。,郑观应,梁启超,康有为,严复,,C,中,单选题
92,（）翻译了《天演论》，用“物竞天择”“适者生存”的社会进化论思想，为亡国灭种的危机意识和民族意识提供了理论根据。,郑观应,梁启超,康有为,严复,,D,易,单选题
93,1870年代，中亚浩罕汗国将领阿古柏在英、俄支持下，侵占新疆。（）受命率兵展开收复新疆的军事行动，经过两年的浴血奋战，收复新疆，一举粉碎了分裂势力，捍卫了民族利益和民族尊严，维护了国家领土和主权的完整。,李鸿章,左宗棠,张之洞,奕䜣,,B,易,单选题
94,（）等残酷的压迫和剥削迫使农民群众走上反抗斗争的道路。,封建地主的压迫、剥削,清政府加重赋税的征收科派,各级官吏浮收勒扣、横征暴敛,白银外流导致银贵钱贱,,ABCD,易,多选题
95,1843年，（）撷取原始基督教教义中反映下层民众要求的平等思想和某些宗教仪式，加以改造，创立了拜上帝教。,杨秀清,洪秀全,李秀成,韦昌辉,,B,易,单选题
96,1851年1月，（）率拜上帝教教众在广西省桂平县金田村发动起义，建号太平天国。,洪秀全,杨秀清,李秀成,石达开,,A,易,单选题
97,（）提出的《资政新篇》，是太平天国后期颁布的社会发展方案。,洪秀全,杨秀清,洪仁玕,李秀成,,C,易,单选题
98,太平天国的领导者们希望通过施行（），建立“有田同耕，有饭同食，有衣同穿，有钱同使，无处不均匀，无人不饱暖”的理想社会。,《救亡决论》,《天演论》,《天朝田亩制度》,《资政新篇》,,C,易,单选题
99,《天朝田亩制度》的主张（）。,体现了广大农民要求平均分配土地的强烈愿望,是对以往农民战争中“均贫富”“等贵贱”和“均平”“均田”思想的发展和超越,没有超出农民小生产者的狭隘眼界,肯定了封建社会的基础即封建土地所有制,,ABC,中,多选题
100,《天朝田亩制度》是一个以解决（）问题为中心的比较完整的社会改革方案。,土地,军事,商品流通,思想风气,,A,易,单选题
101,（）严重地削弱了太平天国的领导和军事力量，成为太平天国由盛转衰的分水岭。,定都天京,北伐失利,天京事变,陈玉成战死,,C,易,单选题
102,太平天国后期，为重整纲纪，挽救危局，洪秀全提拔了（）等一批具有军事才干的青年将领。,陈玉成,杨秀清,李秀成,石达开,,AC,中,多选题
103,（）是中国旧式农民战争的最高峰。,义和团运动,太平天国起义,白莲教起义,捻军起义,,B,易,单选题
104,（）是中国近代历史上第一个比较系统的发展资本主义的方案，反映了太平天国某些领导人在后期试图通过向外国学习来寻求出路的一种努力。,《天朝田亩制度》,《资政新篇》,《救亡决论》,《天演论》,,B,易,单选题
105,以下关于太平天国农民起义的历史意义，正确的有（）。,太平天国起义沉重打击了封建统治阶级，强烈撼动了清政府的统治根基,太平天国起义作为亚洲民族解放运动之一，冲击了西方殖民主义者在亚洲的统治,太平天国起义在一定程度上削弱了封建统治的精神支柱,太平天国起义有力地打击了外国侵略势力,,ABCD,易,多选题
106,19世纪6、70年代，为了挽救清政府的统治危机，封建统治阶级中的部分成员主张（）。,引进、仿造西方的武器装备,改革政治制度，建立内阁,学习西方的科学技术,创设近代企业,,ACD,难,多选题
107,以下（）不是“洋务派”官员。,张之洞,奕䜣,倭仁,崇厚,,C,易,单选题
108,最先对洋务派兴办洋务事业的指导思想作出比较完整表述的是（）。,林则徐,冯桂芬,康有为,洪仁玕,,B,难,单选题
109,冯桂芬在（）一书中强调，为了应对西方的挑战，中国亟须进行改革。,《资政新篇》,《救亡决论》,《劝学篇》,《校颁庐抗议》,,D,中,单选题
110,从19世纪60到90年代，洋务派举办的洋务事业主要包括（）。,兴办近代企业,建立新式海陆军,创办新式学堂,派遣留学生,,ABCD,易,多选题
111,洋务派兴办的军用工业不包括（）。,江南制造总局,金陵机器局,福州船政局,开平矿务局,,D,中,单选题
112,洋务派兴办的民用企业多数采取（）的方式。,完全官办,官督商办,外资主导,独立商办,,B,易,单选题
113,以下由洋务派兴办的近代企业中，不是由李鸿章筹办或控制的民用企业是（）。,轮船招商局,开平矿务局,天津电报局,天津机器局,,D,难,单选题
114,洋务派从19世纪70到90年代建立的四支水师中，（）是海军主力。,福建水师,广东水师,南洋水师,北洋水师,,D,易,单选题
115,（）不是洋务派创办的新式学堂类型。,文法学堂,翻译学堂,工艺学堂,军事学堂,,A,难,单选题
116,中国近代教育开始于（）。,洋务运动时期,维新运动时期,清末“新政”时期,中华人民共和国成立后,,A,易,单选题
117,（）标志着以“自强”“求富”为目标的洋务运动的失败。,林则徐被贬新疆伊犁,英法军队攻占北京,北洋海军全军覆没,《辛丑条约》签订,,C,易,单选题
118,以下（）是由洋务派创办的新式学堂。,京师同文馆,船政学堂,京师大学堂,时务学堂,,AB,难,多选题
119,湖北枪炮厂是由洋务派官员（）创办的。,张之洞,曾国藩,左宗棠,李鸿章,,A,中,单选题
120,洋务派兴办洋务事业的目的有（）。,购买和制造洋枪洋炮以镇压农民起义,借此加强海防、边防,发展中国的资本主义经济,发展本集团的政治、经济、军事实力,,ABD,中,多选题
121,冯桂芬提出，“以中国之伦常名教为原本，辅以诸国富强之术”。这个思想后来被（）进一步概括为“中体西用”。,郑观应,李鸿章,张之洞,奕䜣,,C,易,单选题
122,北洋舰队是清政府的海军主力，由（）管辖，拥有舰艇20多艘。经甲午一战，北洋舰队全军覆没。,左宗棠,关天培,李鸿章,沈葆桢,,C,易,单选题
123,中国于（）出现了一个民族资本设厂的高潮，中国民族资本主义得到初步发展。,1840年-1842年,1860年-1870年,1895年-1898年,1908年-1911年,,C,中,单选题
124,19世纪末，中国民族资本主义有了初步发展，新兴的民族资产阶级迫切要求挣脱外国资本主义和国内封建势力的压迫和束缚。其最终目的是（）。,为受压迫的群众谋取更多利益,推翻清朝政府的统治,获得民族独立和解放,为发展资本主义开辟道路,,D,中,单选题
125,资产阶级维新派的主要代表人物有（）。,康有为,梁启超,谭嗣同,严复,,ABCD,易,多选题
126,资产阶级维新派通过（）来宣传维新主张。,向皇帝上书,著书立说,介绍外国变法的经验教训,办学会、设学堂、办报纸,,ABCD,易,多选题
127,（）不是资产阶级维新派办的报纸。,《时务报》,《国闻报》,《民报》,《湘报》,,C,难,单选题
128,（）不是资产阶级维新派办的学会。,强学会,同盟会,南学会,保国会,,B,易,单选题
129,（）在1895年曾联合在京参加会试的1300多名举人共同发起“公车上书”。,康有为,沈葆桢,杨深秀,严复,,A,易,单选题
130,康有为写了（）宣传维新变法主张。,《新学伪经考》,《孔子改制考》,《变法通议》,《仁学》,,AB,中,多选题
131,康有为向光绪皇帝进呈了（），以介绍外国变法的经验教训。,《日本变政考》,《资政新篇》,《俄彼得变政记》,《波兰分灭记》,,ACD,难,多选题
132,维新派创立的比较重要的学堂有（）。,广州万木草堂,京师同文馆,马尾船政学堂,长沙时务学堂,,AD,难,多选题
133,维新派与守旧派的论战主要围绕（）。,要不要变法,要不要兴民权、设议院,要不要废八股、改科举、兴西学,要不要实行君主立宪,,ABCD,易,多选题
134,1898年6月11日，光绪皇帝宣布开始变法，并在此后的103天中，接连发布了一系列推行新政的政令，史称（）。,洋务运动,戊戌变法,“新政”,“预备仿行宪政”,,B,易,单选题
135,“戊戌变法”变法的内容有（）。,裁汰冗员，澄清吏治,改练新式陆军,创设京师大学堂,提倡西法垦殖，建立新式农场,,ABCD,易,多选题
136,（）、林旭、杨锐、杨深秀、康广仁，六位维新人士同遭杀害，史称“戊戌六君子”。,谭嗣同,刘光第,康有为,梁启超,,AB,中,多选题
137,经过密谋策划，守旧势力于1898年9月21日发动政变，（）以“训政”的名义，重新独揽大权，将光绪皇帝软禁于中南海瀛台，同时下令搜捕维新人士。,慈禧太后,载沣,奕劻,善耆,,A,易,单选题
138,“百日维新”如同昙花一现，除（）被保留下来以外，其余新政措施大都被废除。,广州万木草堂,京师大学堂,《时务报》,长沙时务学堂,,B,易,单选题
139,戊戌维新运动在中国近代史上仍然有着重大的历史意义，因为（）。,戊戌维新运动是一场思想启蒙运动,戊戌维新运动是一次爱国救亡运动,戊戌维新运动是一场资产阶级性质的政治改良运动,维新派提出了许多革除社会陋习的主张,,ABCD,易,多选题
140,戊戌维新运动失败的原因有（）。,维新派没有形成严密的组织,维新派不掌握实权和军队,维新派寄希望于没有实权的光绪皇帝,维新派没有发动群众,,ABCD,易,多选题
141,（）不是维新派本身存在的局限性。,不敢否定封建主义,对帝国主义抱有幻想,坚决排斥西方文化,惧怕人民群众,,C,易,单选题
142,谭嗣同慷慨就义前喟叹“有心杀贼，无力回天”。事实上，真正的“回天之力”存在于（）。,民族资产阶级本身,对中国友好的少数西方人,封建统治阶级中有改革倾向的人,亿万民众之中,,D,易,单选题
143,康有为在每次上书中，都反复向光绪皇帝强调“即无强敌之通，揭竿斩术，已可忧危”，使皇帝及其大臣们“求为长安布衣而不可得”。这表明维新派（）。,幻想通过和平、合法的手段，实现自上而下的改良,认为君主立宪制无所不能,幻想西方列强能帮助自己变法维新,惧怕、仇视人民群众,,D,易,单选题
144,戊戌维新运动的失败，主要是由于（）。,人民群众的反抗,维新派自身的局限,帝国主义列强的干涉,强大的守旧势力的反对,,BD,中,多选题
145,（）不是维新派大力传播的思想观念。,西方资产阶级的社会政治学说,反封建主义的思想,自由平等、社会进化观念,西方自然科学知识,,B,易,单选题
146,维新派主张用（）取代君主专制制度。,君主立宪制,总统共和制,议会共和制,人民代表大会制度,,A,易,单选题
147,（）不适合用以描述维新变法中的光绪皇帝。,富有爱国心,老谋深算,想要有所作为,并无实权,,B,易,单选题
148,谭嗣同指出，“君末也，民本也”；严复认为，国家是“民之公产”。这表明维新派（）。,批判封建君主专制制度,主张全面学习西方政治制度,主张废除科举八股,主张摒弃仁义礼智信,,A,易,单选题
149,中国民主革命的伟大先行者（）发动和领导了辛亥革命，推翻了清王朝统治，结束了统治中国几千年的君主专制制度，以巨大的震撼力和影响力推动了中国社会变革。,孙中山,陈天华,秋瑾,邹容,,A,易,单选题
150,（）开创了完全意义上的近代民族民主革命。,辛亥革命,“二次革命”,五四运动,大革命,,A,易,单选题
151,（）打开了中国进步潮流的闸门，传播了民主共和理念，为实现中华民族伟大复兴探索了道路。,维新变法,同盟会的成立,“二次革命”,辛亥革命,,D,难,单选题
152,戊戌维新运动失败后，以（）为代表的革命派在中国掀起了一场资产阶级革命运动。,黄兴,宋教仁,孙中山,蔡锷,,C,易,单选题
153,1904年至1905年，为了争夺在华利益，（）两国在中国东北进行战争。清政府却宣称“局外中立”。,日本,俄国,美国,法国,,AB,中,多选题
154,在中外反动派的严重压迫下，20世纪初，各阶层人民的斗争风起云涌、遍及全国，包括（）。,各阶层人民的反洋教斗争,拒俄、拒法、抵制美货等爱国运动,农民、手工业者的抗租、抗捐、抗税斗争,工人罢工，商人罢市,,ABCD,易,多选题
155,在清朝的最后几年里，（）致使民怨沸腾，社会矛盾进一步激化。,各种旧税多次被追加,巧立名目的新税层出不穷,政府划分土地给农民自行耕种,各级官吏中饱私囊,,ABD,中,多选题
156,1903年至1904年，英国派兵侵入（），遭到当地爱国军民顽强英勇的反击。,中国西藏,中国新疆,中国台湾,中国东北,,A,易,单选题
157,20世纪初，外国在华投资规模急速扩张，（）的利权是帝国主义掠夺的重要目标。,文化,金融,铁路,矿山,,CD,难,多选题
158,（）标志着以慈禧太后为首的清政府已经彻底放弃了抵抗外国侵略者的念头，甘当“洋人的朝廷”。,英国人担任海关总税务司,辛酉政变的发动,《辛丑条约》的签订,成立“内阁”,,C,易,单选题
159,清政府进行“新政”的根本目的是（）。,延续反动统治,发展资本主义工商业,宣扬民主共和的思想观念,扩大资产阶级的政治权益,,A,易,单选题
160,在统治的最后几年，为了摆脱困境，清政府采取了（）措施。,1901年宣布实行“新政”,下令从1906年起正式废除科举考试，颁布新的学制,1906年宣布“预备仿行宪政”,1908年颁布《钦定宪法大纲》,,ABCD,易,多选题
161,中国的资产阶级民主革命是以（）为代表的资产阶级革命派首先发动的。,康有为,梁启超,孙中山,盛宣怀,,C,易,单选题
162,资产阶级革命派的骨干包括（）。,资产阶级知识分子,附和革命的旧官僚,小资产阶级知识分子,接受了先进思想的工人阶级,,AC,中,多选题
163,资产阶级革命派的中坚力量的出现与（）有关。,戊戌维新运动,清政府兴办学堂,俄国十月革命,清政府派遣留学生,,ABD,中,多选题
164,1894年，孙中山到檀香山组建了第一个革命团体（）。,同盟会,兴中会,华兴会,光复会,,B,易,单选题
165,1904年，（）发表《中国问题的真解决》一文，指出只有推翻清政府的统治，才能真正解决中国问题。,蔡元培,陈其美,章炳麟,孙中山,,D,中,单选题
166,1903年，（）发表《驳康有为论革命书》，反对康有为的保皇观点，歌颂革命为“启迪民智，除旧布新”的良药。,陈其美,章炳麟,蔡元培,孙中山,,B,中,单选题
167,邹容所撰写的（），以“革命军中马前卒”的名义，热情讴歌革命，号召人民推翻清朝统治，建立“中华共和国”。,《革命军》,《警世钟》,《猛回头》,《救亡决论》,,A,易,单选题
168,（）写了《警世钟》《猛回头》两本小册子，号召人民奋起革命，推翻清政府这个“洋人的朝廷”。,章炳麟,邹容,陈天华,孙中山,,C,难,单选题
169,从1904年开始，资产阶级革命团体在我国各地次第成立，如（）等。,华兴会,科学补习所,光复会,保国会,,ABC,中,多选题
170,1905年8月20日，孙中山和黄兴、宋教仁等人在日本东京成立（）。,华兴会,同盟会,光复会,岳王会,,B,易,单选题
171,同盟会以（）为机关报，并确定了革命纲领。,《新民丛报》,《新青年》,《时务报》,《民报》,,D,中,单选题
172,（）是近代中国第一个领导资产阶级革命的全国性政党。,华兴会,光复会,同盟会,科学补习所,,C,易,单选题
173,（）的成立，说明中国资产阶级民主革命进入了一个新的阶段。,同盟会,华兴会,岳王会,光复会,,A,易,单选题
174,三民主义中的民族主义是指（）。,驱除鞑虏,恢复中华,创立民国,平均地权,,AB,中,多选题
175,三民主义中的民权主义是指（）。,建立中华民族“独立的国家”,翻封建君主专制制度,建立资产阶级民主共和国,核定全国土地的地价,,BC,难,多选题
176,革命派与改良派的大论战以（）为焦点。,要不要进行社会革命,要不要兴民权、设议院,要不要以革命手段推翻清王朝,要不要实行君主立宪,,C,易,单选题
177,孙中山领导的同盟会不仅提出了革命纲领，而且进行了实际的革命活动，先后发动了多次武装起义。其中影响最大的是（）。,广州起义,萍浏醴起义,黄冈起义,镇南关起义,,A,易,单选题
178,1911年9月7日，署理四川总督赵尔丰下令向手无寸铁的请愿群众开枪，造成（）。在同盟会会员的参与下，广大群众掀起了全川的武装暴动。,五卅惨案,“成都血案”,“较场口血案”,二七惨案,,B,易,单选题
179,在革命形势成熟的情况下，湖北新军中的革命团体共进会、文学社决定联合行动，在（）举行武装起义。,宜昌,武昌,襄阳,黄冈,,B,易,单选题
180,（）年10月10日晚，驻武昌的新军工程第八营的革命党人打响了起义的第一枪。起义军血战通宵，最终占领武昌，取得首义的胜利。,1905,1911,1912,1919,,B,易,单选题
181,（）年2月12日，清帝被迫退位。在中国延续了两千多年的封建君主专制制度终于覆灭。,1905,1911,1912,1919,,C,易,单选题
182,在武昌起义和各省政权更迭的过程中，资产阶级革命派表现出了（）。,革命性,软弱性,勇敢精神,妥协态度,,ABCD,易,多选题
183,（）年1月1日，孙中山在南京宣誓就职，改国号为中华民国，并成立中华民国临时政府。,1905,1911,1912,1919,,C,易,单选题
184,南京临时政府制定的（）等政策措施，集中代表和反映了中国民族资产阶级的愿望和利益。,扫除种种封建弊端，保护人权,提倡兴办工厂、矿山、银行、垦殖事业,禁止贩卖华工，禁止买卖人口、废除奴婢,否定忠君尊孔教育，废止小学读经,,ABCD,易,多选题
185,“敢有帝制自为者，天下共击之”的民主主义观念是从（）开始深入人心的。,维新变法,辛亥革命,五四运动,大革命,,B,易,单选题
186,（）后，一系列有利于工商业发展的政策和措施的颁布，推动了民族资本主义经济的发展，使随后的几年成了资本主义发展的“黄金时代”。,光绪皇帝颁布“明定国是”,南京临时政府成立,清朝进行“新政”,袁世凯任大总统后,,B,易,单选题
187,男子剪辫、女子放足之风迅速席卷全国，发生在（）时期。,维新变法,辛亥革命,五四运动,大革命,,B,易,单选题
188,（）表现了南京临时政府的局限性。,南京临时政府企图用承认一切不平等条约和一切外债，来换取列强承认中华民国,南京临时政府没有提出任何可以满足农民土地要求的政策和措施,《中华民国临时约法》规定“以参议院、临时大总统、国务员、法院行使其统治权”,南京临时政府禁止种植和吸食鸦片,,AB,中,多选题
189,1911年5月，清政府宣布“铁路干线收归国有”，并与四国银行团订立粤汉、川汉铁路借款合同，借“国有”名义把铁路利权出卖给帝国主义，掀起四省保路风潮，其中以（）最烈。,湖北,湖南,广东,四川,,D,易,单选题
190,“自古以来，皇帝被看作至高无上、神圣不可侵犯的绝对权威，如今连皇帝都可以被打倒，那么还有什么陈腐的东西不可以被怀疑、不可以被抛弃？”这说明（）。,辛亥革命推动了中国的社会风俗变革，促使中国社会发生了新的积极变化,辛亥革命推动了中国人民的思想解放，打开了禁锢思想进步的闸门,辛亥革命在一定程度上打击了帝国主义的侵略势力,辛亥革命沉重打击了中外反动势力,,B,易,单选题
191,北洋军阀首领（）在帝国主义和国内反动势力，以及附从革命的旧官僚、立宪派的共同支持下，窃夺了辛亥革命的果实。,孙传芳,段祺瑞,袁世凯,冯国璋,,C,中,单选题
192,1912年8月，（）以同盟会为基础联合其他几个政党，组成国民党。,李宗仁,宋教仁,梁启超,蔡锷,,B,易,单选题
193,1913年3月，（）指使心腹收买刺客暗杀了宋教仁。,袁世凯,张作霖,唐绍仪,段祺瑞,,A,易,单选题
194,1915年5月，为了让日本支持复辟帝制，袁世凯竟然基本接受日本提出的严重损害中国权益的（）。,《秦土协定》,《塘沽协定》,“二十一条”要求,“何梅协定”,,C,易,单选题
195,1917年6月，前清官僚（）率军北上，拥废帝溥仪复辟，仅12天就在全国人民的声讨中失败了。,荣庆,赵尔巽,杨森,张勋,,D,易,单选题
196,1915年12月，（）发表接受帝位申令，随后下令以1916年为“中华帝国洪宪元年”，准备在元旦举行登基大典。,袁世凯,段祺瑞,马步芳,爱新觉罗·溥仪,,A,易,单选题
197,1913年宋教仁被刺后，孙中山开始看清袁世凯的真面目，毅然发动武装反袁的（）。,辛亥革命,“二次革命”,护国运动,护法运动,,B,易,单选题
198,1914年，孙中山在日本组织（），坚持反袁武装斗争。,兴中会,同盟会,光复会,中华革命党,,D,易,单选题
199,1915年12月25日，（）等人在云南组织“护国军”，宣布“独立”，很快形成席卷半个中国的护国运动。,蔡锷,张作霖,徐世昌,杨森,,A,易,单选题
200,（）的失败，使孙中山认识到“南与北如一丘之貉”，想依靠南方军阀来反对北洋军阀，是行不通的。,辛亥革命,“二次革命”,护国运动,护法运动,,D,难,单选题
201,袁世凯称帝败亡之后，中国陷入了军阀割据的局面，其原因是（）。,中国主要是地方性的农业经济，没有形成统一的资本主义市场,辛亥革命完全无法推动中国的社会变革,民族意识尚未觉醒,帝国主义国家在中国采取划分势力范围的分裂剥削政策,,AD,中,多选题
202,孙中山本人沉痛地说过，当时中国“政治上、社会上种种黑暗腐败比前清更甚，人民困苦日甚一日”。这描述的是（）统治时期。,北洋政府,南京国民政府,武汉国民政府,广州国民政府,,A,易,单选题
203,在经济上，北洋政府竭力维护的是（）的利益。,帝国主义,地主阶级,民族资产阶级,买办资产阶级,,ABD,中,多选题
204,北洋军阀统治时期，（）借助于政治势力，组成官僚买办资本集团，操纵、垄断财政金融和工业、运输业。,军阀,官僚,民族资产阶级,小资产阶级知识分子,,AB,中,多选题
205,以袁世凯为首的封建军阀制定（）一系列反动法令，剥夺人民的言论、出版、集会、结社等各种政治权利。,《中华民国临时约法》,《暂行新刑律》,《戒严法》,《资政新篇》,,BC,难,多选题
206,（）取得胜利，社会主义从理论变为现实，打破了资本主义一统天下的世界格局。,1848年欧洲革命,俄国十月革命,巴黎公社,法国大革命,,B,易,单选题
207,（）一声炮响，为中国送来了马克思列宁主义，给苦苦探寻救亡图存出路的中国人民指明了前进方向、提供了全新选择。,巴黎公社,法国大革命,俄国十月革命,宪章运动,,C,易,单选题
208,1917年1月，（）出任北京大学校长，并聘请陈独秀为北大文科学长。,顾颉刚,蔡元培,梁漱溟,陈寅恪,,B,易,单选题
209,《新青年》的主要撰稿人不包括（）。,李大钊,辜鸿铭,胡适,鲁迅,,B,易,单选题
210,新文化运动的主要阵地有（）。,《新青年》杂志,《曙光》杂志,燕京大学,北京大学,,AD,难,多选题
211,新文化运动的基本口号是拥护、提倡（）。,民主,革新,传承,科学,,AD,中,多选题
212,新文化运动的倡导者以（）为主要武器，猛烈抨击以孔子为代表的“往圣先贤”。,存天理灭人欲,进化论观点,个性解放思想,尊君、修德,,BC,中,多选题
213,新文化运动的倡导者大力提倡（）。,新道德,新文学,白话文,孔学,,ABC,中,多选题
214,（）推翻了资产阶级临时政府，建立起由马克思主义政党领导的第一个社会主义国家，这昭示人们，资本主义制度并不是永恒的，无产阶级和其他劳动群众一旦觉醒起来、组织起来，完全可以依靠自身的力量创造出维护绝大多数人利益的崭新社会制度。,1848年欧洲革命,俄国十月革命,巴黎公社,法国大革命,,B,易,单选题
215,在中国大地上率先举起马克思主义旗帜的是（）。,李大钊,毛泽东,陈独秀,董必武,,A,易,单选题
216,从1918年7月起，李大钊先后发表文章（），指出“将来的环球，必是赤旗的世界”。,《马克思主义》,《法俄革命之比较观》,《庶民的胜利》,《Bolshevism的胜利》,,BCD,难,多选题
217,1919年9月、11月，（）发表《我的马克思主义观》一文，比较系统地介绍了马克思主义理论。,李大钊,陈独秀,毛泽东,周恩来,,A,易,单选题
218,五四运动开始时，英勇地出现在斗争前面的是（）。,农民,学生,商人,工人,,B,易,单选题
219,巴黎和会规定德国应将在中国山东获得的一切特权转交给（），消息传回国内，激起了各阶层人民的强烈愤怒。,法国,日本,美国,英国,,B,易,单选题
220,（）年5月4日，北京大学等北京十几所学校的学生冲破反动军警的阻拦，在天安门前集会，高呼“中国的土地可以征服而不可以断送！中国的人民可以杀戮而不可以低头！国亡了！同胞起来呀！”,1912,1919,1921,1929,,B,中,单选题
221,五四运动的口号不包括（）。,“停止内战，一致对外”,“外争主权、内除国贼”,“取消二十一条”,“还我青岛”,,A,易,单选题
222,五四运动时期，中国（）开始以独立的姿态登上政治舞台。,小资产阶级知识分子,封建军阀势力,工人阶级,农民阶级,,C,易,单选题
223,五四运动后期，迫于人民群众的压力，北洋政府不得不释放被捕学生，罢免亲日派官僚（）。,曹汝霖,唐绍仪,章宗祥,陆宗舆,,ACD,难,多选题
224,五四运动突破了知识分子的狭小范围，成为有（）参加的全国规模的革命运动。,买办阶级,工人阶级,小资产阶级,民族资产阶级,,BCD,中,多选题
225,五四运动孕育了以（）为主要内容的伟大五四精神。,爱国,进步,民主,科学,,ABCD,易,多选题
226,（）实现了中国人民和中华民族自鸦片战争以来的第一次全面觉醒。,辛亥革命,新文化运动,五四运动,大革命,,C,易,单选题
227,（）前夕，中国产业工人已达200万人左右。此时的群众基础比以往革命斗争的群众基础更加广泛。,辛亥革命,护国运动,五四运动,大革命,,C,中,单选题
228,五四运动是在（）的时代条件和社会历史条件下发生的。,中国人普遍认同马克思主义,新的社会力量的成长、壮大,新文化运动掀起的思想解放的潮流,俄国十月革命对中国的影响,,BCD,中,多选题
229,（）标志着中国青年成为推动中国社会变革的急先锋。,辛亥革命,新文化运动,五四运动,大革命,,C,中,单选题
230,“中国青年发现了自己的力量，中国人民和中华民族发现了自己的力量。……必须依靠自己的英勇奋斗来实现，没有人会恩赐给我们一个光明的中国。”这指的是（）。,辛亥革命,新文化运动,五四运动,大革命,,C,中,单选题
231,中国早期信仰马克思主义的人物，不包括（）。,新文化运动的精神领袖,五四爱国运动的左翼骨干,北洋政府的核心官员,原中国同盟会会员、辛亥革命时期的活动家,,C,中,单选题
232,（）后，社会主义思潮在中国蓬勃兴起，马克思主义开始在知识界广泛传播。,辛亥革命,新文化运动,五四运动,大革命,,C,中,单选题
233,在中国早期的马克思主义思想运动中，（）起着主要作用。,吴玉章,李大钊,梁启超,杨匏安,,B,易,单选题
234,1919年11月、12月，杨匏安发表（）一文，对马克思主义的基本内容，包括唯物史观、剩余价值理论和阶级斗争学说等，作了比较确切的阐述。,《马克思主义》,《法俄革命之比较观》,《庶民的胜利》,《Bolshevism的胜利》,,A,难,单选题
235,（）“猛看猛译”马克思主义书籍，供自己和他人阅读，成为中国留法学生中的马克思主义者。,蔡和森,鲁迅,陈望道,竺可桢,,A,易,单选题
236,天津学生领袖（）说，自己到欧洲以后，“对于一切主义开始推求比较”，到1921年秋，终于“定妥了我的目标”即共产主义。,李汉俊,蔡和森,陈望道,周恩来,,D,中,单选题
237,（）是原中国同盟会会员、辛亥革命时期的活动家，后来成为早期马克思主义者。,董必武,吴玉章,林伯渠,胡适,,ABC,中,多选题
238,中国早期马克思主义者的队伍中，（）属于先驱者和擎旗人，毛泽东等五四运动的左翼骨干则是其主体部分。,李大钊,蔡元培,陈独秀,杨昌济,,AC,中,多选题
239,早期马克思主义思想运动具有（）特点。,以农民阶级为主要的倡导者、发起者,重视对马克思主义基本理论的学习，明确地同第二国际的社会民主主义划清界限,注意从中国的实际出发，学习、运用马克思主义,开始提出知识分子应当同劳动群众相结合的思想,,BCD,中,多选题
240,“中国人在精神上就由被动转入主动”是指（）。,民主共和的观念深入人心,中国人接受了资产阶级民主主义,中国人学会了马克思列宁主义,五四运动传播了新思想新文化新知识,,C,易,单选题
241,最早酝酿在中国建立共产党的是（）。,陈独秀,李大钊,董必武,林伯渠,,AB,中,多选题
242,1920年3月，（）在北京大学组织成立马克思学说研究会，是中国最早学习和研究马克思主义的团体。,蔡和森,瞿秋白,李大钊,陈独秀,,C,易,单选题
243,中国工人阶级政党最早的组织，是在中国工人阶级最密集的中心城市（）建立的。,上海,广州,武汉,南京,,A,易,单选题
244,中国共产党早期组织成立后，着重进行了（）工作，促进了马克思列宁主义的传播及其与中国工人运动的结合。,研究和宣传马克思主义，研究中国实际问题,到工人中去进行宣传和组织工作,进行关于建党问题的讨论和实际组织工作,大力发动工农群众开展革命斗争,,ABC,难,多选题
245,共产党早期组织的成员在（）等报刊上发表文章，宣传马克思主义和俄国革命的经验。,《新民丛报》,《新青年》杂志,《共产党》月刊,《民国日报》,,BCD,中,多选题
246,1920年8月，（）翻译的《共产党宣言》中文全译本公开出版。这是《共产党宣言》第一个中文全译本。,李汉俊,蔡和森,陈望道,周恩来,,C,易,单选题
247,（）在潜心翻译《共产党宣言》中文版时，把粽子蘸着墨汁吃掉却浑然不觉，还说：“真理的味道非常甜”。这彰显了中国共产主义者对马克思主义救国真理的渴求，对共产主义理想的坚定信念。,瞿秋白,陈望道,周恩来,蔡和森,,B,易,单选题
248,各地共产党早期组织创办了一批专门供工人阅读的进行马克思主义启蒙教育的刊物，如（）。,《劳动界》,《劳动音》,《工人月刊》,《济南劳动月刊》,,ABCD,易,多选题
249,上海党的早期组织成员（）改名换服，到厚生铁工厂做工，学习工人的语言，从事工人的劳动，力求与工人打成一片。,沈泽民,杨明斋,俞秀松,李启汉,,C,难,单选题
250,在共产党早期组织领导下，1920年8月，（）成立。,共产主义儿童团,上海社会主义青年团,少年先锋队,中华全国妇女联合会,,B,难,单选题
251,1920年，（）相继成立了团组织。各地团组织通过引导青年学习马克思主义，参加实际斗争，为党造就了一批后备力量。,北京,广州,长沙,武昌,,ABCD,中,多选题
252,中国共产党第一次全国代表大会于（）年7月23日在上海法租界望志路106号举行。,1919,1920,1921,1924,,C,易,单选题
253,参加中国共产党第一次全国代表大会的代表，代表了全国（）名党员。,30余,50余,80余,100余,,B,难,单选题
254,由于会场受到暗探注意和法租界巡捕房搜查，中国共产党第一次全国代表大会最后一天的会议转移到（）的游船上举行。,无锡太湖,嘉兴南湖,苏州澄湖,苏州淀湖,,B,易,单选题
255,中国共产党一经成立，就旗帜鲜明地把（）规定为自己的奋斗目标，坚持用革命的手段实现这个目标。,资本主义,社会主义,共产主义,封建主义,,BC,中,多选题
256,中国工人阶级身受（）的三重压迫，具有坚强的革命性。,帝国主义,本国资产阶级,封建势力,民主主义,,ABC,中,多选题
257,中国共产党第二次全国代表大会于（）在上海举行。,1921年7月,1922年7月,1923年6月,1925年1月,,B,易,单选题
258,中共二大的会议内容包括（）。,分析了中国社会经济政治状况,揭示出中国社会的半殖民地半封建性质,指出党的最高纲领是实现社会主义、共产主义,通过了中国共产党第一个纲领,,ABC,难,多选题
259,中国共产党第二次全国代表大会指出党在现阶段的纲领，即最低纲领是（）。,打倒军阀,推翻国际帝国主义的压迫,实现共产主义,统一中国为真正民主共和国,,ABD,中,多选题
260,在中国共产党的领导、组织和推动下，从1922年1月到1923年2月的13个月中，全国发生了（）等100余次罢工，掀起了中国工人运动的第一个高潮。,香港海员罢工,废除“二十一条”反日大游行,京汉铁路工人罢工,安源路矿工人罢工,,ACD,中,多选题
261,在中国共产党的领导、组织工人斗争中涌现出（）等一批优秀人物，他们先后加入党组织，成为重要领导骨干。,苏兆征,项英,彭湃,夏明翰,,AB,中,多选题
262,1921年9月，（）成立了中国第一个农民协会，开展反抗地主压迫的斗争。,四川万县,浙江萧山县,湖南韶山县,江西井冈山,,B,易,单选题
263,1922年6月，（）来到家乡赤山约，经过艰苦的工作，成立了农会；次年召开海丰全县农民代表大会，海丰总农会宣告成立，全县范围的农民运动轰轰烈烈地开展起来。,夏明翰,彭湃,项英,苏兆征,,B,易,单选题
264,1923年2月7日，京汉铁路罢工遭到反动军阀血腥镇压，造成（）。,二七惨案,“较场口血案”,“成都血案”,五卅惨案,,A,易,单选题
265,1924年1月，中国国民党第一次全国代表大会由（）主持在广州举行。,孙中山,于右任,廖仲恺,吴稚晖,,A,易,单选题
266,国民党一大审议通过的《中国国民党第一次全国代表大会宣言》，对三民主义作出新的解释，即（）。,明确提出逐步摒弃资产阶级的革命领导权,在民族主义中突出了反对帝国主义的内容,在民权主义中强调民主权利应“为一般平民所共有”,把民生主义概括为“平均地权”和“节制资本”两大原则,,BCD,中,多选题
267,国民党一大事实上确认了（）的革命政策。,联日,联俄,联共,扶助农工,,BCD,中,多选题
268,国共合作实现后，以（）为中心，汇集了全国革命力量，开创了反对帝国主义和封建军阀的革命新局面。,北京,上海,武汉,广州,,D,易,单选题
269,国民党一大选举出中国国民党中央执行委员会，共产党员（）等10人当选为中央执行委员或候补执行委员，约占委员总数的1/4。,李大钊,陈独秀,谭平山,毛泽东,,ACD,难,多选题
270,从1924年7月起，在广州开办六届农民运动讲习所，由共产党人（）等主持，培养了一批农民运动骨干。,彭湃,苏兆征,毛泽东,谭平山,,AC,中,多选题
271,1925年1月，中国共产党第四次全国代表大会在上海举行，对中国革命问题认识有了重大进展，体现在（）。,提出了无产阶级在民主革命中的领导权问题,对民主革命的内容作了更加完整的规定,提出了工农联盟问题,提出了组建由党直接统率和指挥的军队的方针,,ABC,中,多选题
272,在日益高涨的革命形势下，中国共产党进行了创建直接领导的革命武装的尝试，是于1926年初由（）指挥的国民革命军第四军独立团。,贺龙,左权,朱德,叶挺,,D,易,单选题
273,在日益高涨的革命形势下，北方地区的革命运动也迅速发展起来。李大钊和北方党组织进行了争取（）及其国民军的工作。,冯玉祥,孙传芳,张作霖,阎锡山,,A,易,单选题
274,（）是中国工人运动史上持续时间最长的一次政治大罢工。,省港大罢工,京汉铁路大罢工,五卅罢工,安源路矿工人罢工,,A,易,单选题
275,1925年7月1日，国民政府在（）建立。,北京,上海,武汉,广州,,D,易,单选题
276,1925年，北洋军阀统治着全国大部分地区，控制着湖南、湖北、河南三省和直隶（河北）保定一带的是直系军阀（）。,吴佩孚,张作霖,蔡锷,张勋,,A,易,单选题
277,随着北伐的胜利进军，中国历史上空前广大的人民解放运动得以形成，主要是（）。,以湖南为中心，广大农村掀起了大革命的风暴,国民政府进行了收回汉口、九江英租界的斗争,上海工人举行了三次武装起义,工人运动迅速走向高涨,,ABCD,易,多选题
278,1926年3月，蒋介石（），打击共产党和工农革命力量。,实现宁汉合流,制造皖南事变,制造七一五反革命政变,制造中山舰事件,,D,易,单选题
279,1927年（），蒋介石在上海发动反共政变，以“清党”为名，在东南各省大规模捕杀共产党员和革命群众。,4月12日,7月15日,9月18日,10月10日,,A,易,单选题
280,红一方面军第一、二、三次反“围剿”作战的胜利，使（）连成一片，形成拥有21座县城、250万人口、5万平方公里土地的中央革命根据地。,赣南根据地,闽西根据地,沂蒙山根据地,川陕根据地,,AB,难,多选题
281,1931年11月，中华苏维埃第一次全国代表大会在（）召开。,陕西延安,贵州遵义,江西瑞金,湖南长沙,,C,易,单选题
282,1931年11月召开的中华苏维埃第一次全国代表大会（）。,通过了《关于若干历史问题的决议》,通过了《中华苏维埃共和国宪法大纲》以及土地法令、劳动法,选举产生了中华苏维埃共和国中央执行委员会,成立了中华苏维埃共和国临时中央政府,,BCD,中,多选题
283,中华苏维埃共和国是中国历史上第一个全国性的工农民主政权，通过（），开创了土地革命战争新局面。,实行“三三制”原则,实行工农兵代表大会制度,重视司法建设，先后颁布120多部法律、法令,注重廉政建设，严惩腐败分子,,BCD,中,多选题
284,“苏区干部好作风，自带干粮去办公；日着草鞋干革命，夜走山路访贫农。”这首民谣主要是想表达在领导根据地建设中，（）得到了人民的认可。,“三三制”,经济建设,文化建设,党的建设,,D,中,单选题
285,从1927年7月大革命失败到1935年1月遵义会议召开前，以王明为代表的（）错误，使中国革命遭受严重挫折。,右倾机会主义,“左”倾教条主义,右倾投降主义,经验主义,,B,易,单选题
286,在20世纪30年代前期、中期，中国共产党内屡次出现严重的“左”倾错误，其原因是（）。,党不善于把马克思列宁主义与中国实际全面地、正确地结合起来,八七会议后党内一直存在着浓厚的“左”倾情绪始终没有得到认真清理,共产国际对中国革命的错误指导,党的马克思主义理论准备不足，缺乏实践经验,,ABCD,易,多选题
287,中央红军主力开始长征后，（）等率领中央根据地留下的部分红军在南方坚持了艰苦卓绝的三年游击战争。,毛泽东、朱德,刘伯承、邓小平,项英、陈毅,贺龙、习仲勋,,C,易,单选题
288,中共中央、中革军委率中央红军主力等8.6万余人，于（）踏上战略转移的漫漫征程，开始了世界历史上前所未有的壮举。,1934年5月,1934年10月,1935年3、4月,1935年10月,,B,难,单选题
289,在（）后，中央红军从长征出发时的8.6万人锐减到3万多人。严酷的事实促使广大党员和红军指战员对“左”倾错误领导产生了怀疑和不满。,强渡湘江,强渡乌江,四渡赤水,强渡大渡河,,A,易,单选题
290,1934年12月，中央政治局在（）举行会议，根据毛泽东的建议，通过决议，放弃到湘西北同红二、六军团会合的计划，改向贵州北部进军。,湖南通道,贵州黎平,贵州遵义,四川会理,,B,难,单选题
291,1935年1月7日，红军攻克（），1月15日至17日，中共中央在此召开政治局扩大会议。,湖南通道,贵州黎平,贵州遵义,四川会理,,C,易,单选题
292,遵义会议后成立了由（）组成的三人小组，负责全军的军事行动。,毛泽东,李德,周恩来,王稼祥,,ACD,中,多选题
293,（）确立了以毛泽东为主要代表的马克思主义正确路线在党中央的领导地位，开始形成以毛泽东同志为核心的第一代中央领导集体。,中华苏维埃第一次全国代表大会,遵义会议,党的七大,党的七届二中全会,,B,难,单选题
294,遵义会议后，中央红军采取灵活机动的战略战术，（），摆脱了数十万国民党军队的围追堵截，赢得了战争的主动权。,四渡赤水河,巧渡金沙江,突破四道封锁线,强渡乌江,,AB,难,多选题
295,1936年10月9日，红四方面军指挥部同红一方面军在（）会合。,四川懋功,陕北吴起,甘泉地区,甘肃会宁,,D,难,单选题
296,1936年10月22日，红二方面军指挥部到达（），同红一方面军会合。至此，三大主力红军的长征胜利结束。,甘肃将台堡,甘肃会宁,四川懋功,陕北吴起,,A,难,单选题
297,1935年12月，毛泽东作（）的报告，阐明党的抗日民族统一战线的新政策，系统说明了党的政治策略上的诸问题。,《中国革命战争的战略问题》,《论反对日本帝国主义的策略》,《实践论》,《论持久战》,,B,中,单选题
298,1936年12月，毛泽东写下（）一文，总结了土地革命战争中党内在军事问题上的争论，系统说明了有关中国革命战争战略方面的诸问题。,《中国革命战争的战略问题》,《论反对日本帝国主义的策略》,《矛盾论》,《论持久战》,,A,难,单选题
299,1937年夏，毛泽东在抗日军政大学讲授（），从马克思主义认识论的高度，总结中国共产党的历史经验，揭露和批评党内的主观主义尤其是教条主义错误。,《实践论》,《论反对日本帝国主义的策略》,《矛盾论》,《论持久战》,,AC,中,多选题
300,1927年，（）两个“国民政府”经过一段时间相互争斗，达成妥协，实现了宁汉合流。,广州,武汉,南京,北京,,BC,中,多选题
301,1928年6月，奉系军阀首领（）在退回关外途中，被日本人预埋的炸药炸死。,张作霖,张学良,张宗昌,张治中,,A,易,单选题
302,1928年12月29日，（）从东北发出通告，宣布“遵守三民主义，服从国民政府，改易旗帜”。,张作霖,张学良,张宗昌,张治中,,B,易,单选题
303,1927年大革命失败后，国民党变成了一个由代表（）利益的反动集团所控制的政党。,地主阶级,工人阶级,小资产阶级知识分子,买办性大资产阶级,,AD,中,多选题
304,国民党政府通过（）实行一党专政的军事独裁统治。,建立庞大的军队,建立全国性特务系统,大力推行保甲制度,厉行文化专制主义,,ABCD,易,多选题
305,“奠都以来，青年之遭杀戮者，报纸记载至三十万人之多，而失踪监禁者更不可胜计。杀之不快，更施以活埋；禁之不足，复加以毒刑。地狱现形，人间何世？”与之相关的是国民党（）。,推行保甲制度,建立全国性特务系统,查禁进步书刊,摊派、征税,,B,易,单选题
306,国民党政府维护的是（）的利益。,帝国主义,封建主义,官僚资本主义,民族资本主义,,ABC,中,多选题
307,从1927年3月到1928年上半年，被杀害的共产党员和革命群众达31万多人，其中共产党员2.6万人，如（）等党的重要活动家和领导人英勇牺牲。,陈延年,夏明翰,陈乔年,向警予,,ABCD,易,多选题
308,（）的“砍头不要紧，只要主义真”的就义诗，表达了共产党员的信念之光不灭。,陈延年,陈乔年,夏明翰,赵世炎,,C,易,单选题
309,（）在革命的危急时刻加入了中国共产党的队伍。,徐特立,郭沫若,贺龙,彭德怀,,ABCD,易,多选题
310,在革命的危急关头，1927年7月中旬，中共中央临时政治局常委会决定（）。,将党所掌握和影响的部队向南昌集中，准备起义,共产党员以个人身份加入国民党,组织湘、鄂、赣、粤四省的农民发动秋收起义,召集中央紧急会议，讨论和决定大革命失败后的新方针,,ACD,中,多选题
311,1927年（），中共中央在汉口秘密召开紧急会议，会议确定了土地革命和武装起义的方针。,7月1日,7月8日,7月23日,8月7日,,D,易,单选题
312,“须知政权是由枪杆子中取得的。”是毛泽东在（）提出的。,中共五大,八七会议,古田会议,赣南会议,,B,易,单选题
313,大革命失败以后，在关系党和革命事业前途和命运的严重危机时刻，（）提出了“找着新的道路”的任务。,中共五大,八七会议,古田会议,赣南会议,,B,易,单选题
314,1927年8月1日，在以周恩来为书记的前敌委员会领导下，贺龙、叶挺、朱德、刘伯承等率领共产党掌握和影响的军队2万多人，在（）打响了武装反抗国民党反动派的第一枪。,广州,南昌,长沙,井冈山,,B,易,单选题
315,（）是中国共产党独立领导革命战争、创建人民军队和武装夺取政权的开端。,南昌起义,秋收起义,广州起义,黄麻起义,,A,易,单选题
316,1927年9月9日，毛泽东等领导的湘赣边界（）爆发。起义军公开打出了“工农革命军”的旗帜。,南昌起义,秋收起义,广州起义,黄麻起义,,B,易,单选题
317,1927年12月11日，张太雷和叶挺、叶剑英等领导了（），对国民党的屠杀政策发动了英勇的反击。,南昌起义,秋收起义,广州起义,黄麻起义,,C,中,单选题
318,大革命失败后，集中体现中国革命正确方向的是毛泽东、朱德领导的（）革命根据地的斗争。,井冈山,鄂豫皖,闽西,湘西,,A,易,单选题
319,1927年11月，湘赣边界第一个红色政权（）成立。,湘赣边界工农兵政府,陵水县苏维埃政府,海陆丰工农兵苏维埃政府,茶陵县工农兵政府,,D,易,单选题
320,1928年4月下旬，朱德、陈毅率领南昌起义保留下来的部队和湘南起义农军陆续转移到（），与毛泽东领导的部队会师，成立工农革命军第四军。,闽西地区,井冈山地区,川东地区,鄂豫皖地区,,B,易,单选题
321,1928年10月和11月，毛泽东写了（），明确指出以农业为主要经济的中国革命，以军事发展暴动，是一种特征。,《星星之火，可以燎原》,《中国的红色政权为什么能够存在？》,《井冈山的斗争》,《反对本本主义》,,BC,难,多选题
322,“没有调查，没有发言权”，“中国革命斗争的胜利要靠中国同志了解中国情况”，出自毛泽东的文章（）。,《星星之火，可以燎原》,《中国的红色政权为什么能够存在？》,《井冈山的斗争》,《反对本本主义》,,D,易,单选题
323,毛泽东在（）一文中进一步指出：红军、游击队和红色区域的建立和发展，是半殖民地中国在无产阶级领导之下的农民斗争的最高形式，和半殖民地农民斗争发展的必然结果。,《星星之火，可以燎原》,《中国的红色政权为什么能够存在？》,《井冈山的斗争》,《反对本本主义》,,A,难,单选题
324,（）通过了毛泽东起草的会议决议，确立了思想建党、政治建军原则。,中共五大,八七会议,古田会议,赣南会议,,C,易,单选题
325,（）规定，红军必须绝对服从共产党的领导，必须全心全意为党的纲领、路线和政策而奋斗。,中共五大决议,八七会议决议,古田会议决议,赣南会议决议,,C,易,单选题
326,随着革命新道路的开辟，中国革命开始走向复兴，（）实际上已经成为中国革命的主要形式。,城市武装起义,学生罢课游行,红军游击战争,工人罢工暴动,,C,易,单选题
327,红一方面军在毛泽东、朱德等指挥下，实行（）战术，连续粉碎了国民党军队的三次“围剿”。,“御敌于国门之外”,“诱敌深入”,“避敌主力、打其虚弱”,“短促突击”,,BC,中,多选题
328,土地革命时期的阶级路线包括（）。,坚定地依靠贫农、雇农,联合中农，限制富农,保护中小工商业者,团结大地主阶级,,ABC,中,多选题
329,土地革命时期，在中国共产党的土地革命路线指引下，根据地进行了热火朝天的（），充分调动了广大农民发展生产和参军参战的积极性。,“打土豪，分田地”的斗争,“自己动手，丰衣足食”的大生产运动,“一平二调”的“共产风”,农业生产互助合作,,A,易,单选题
330,左翼文化工作者的一大批优秀文学艺术作品和社会科学论著及译作，如（），对传播进步思想、推动抗日救亡运动起到了重要作用。,鲁迅的杂文,茅盾的小说《子夜》,聂耳作曲、田汉作词的《义勇军进行曲》,邹韬奋主办的《生活周刊》,,ABCD,易,多选题
331,在大革命失败、白色恐怖极其严重的条件下，中国革命之所以能够得到坚持和发展，根本原因就在于中国共产党紧紧地依靠（）。,农民,前清官僚,买办群体,民族资产阶级,,A,易,单选题
332,20世纪30年代，（）在世界的东方和西方形成战争策源地。,日本,德国,意大利,西班牙,,ABC,中,多选题
333,中华儿女同仇敌忾，进行了长达（）艰苦卓绝的抗日战争，打败了穷凶极恶的日本军国主义侵略者，取得了中国人民抗日战争的伟大胜利。,7年,8年,14年,18年,,C,中,单选题
334,1927年，日本首相田中义一主持召开“东方会议”，宣示了（），企图把“满蒙”从中国本土彻底分割出去。,《对华政策纲要》,“田中奏折”,《基本国策纲要》,“大陆政策”,,A,易,单选题
335,1931年（）深夜，日本关东军炸毁“南满铁路”沈阳北郊柳条湖附近的一段路轨，反诬中国军队所为，当即炮轰东北军驻地北大营，接着向沈阳城等地发动进攻。,7月7日,9月18日,10月10日,12月12日,,B,易,单选题
336,国民党政府对日本的侵略采取妥协退让方针，体现在（）。,1931年7月蒋介石即已提出“攘外必先安内”的方针,国民党政府电告东北军“抱不抵抗主义”,国民党政府将其军队主力用于“剿共”,李宗仁等部在台儿庄战役中取得大捷,,ABC,中,多选题
337,1935年，日本在华北制造一系列事端，中国在（）的主权大部丧失，华北成为日军可以自由出入的“真空地带”。,湖北,河北,浙江,察哈尔,,BD,中,多选题
338,1936年日本加紧发动全面侵华战争的部署包括（）。,广田弘毅内阁制定“南攻南洋群岛、北攻西伯利亚”“先打中国”的侵略计划,日德签订《反共产国际协定》，欧亚两个法西斯国家结成反动同盟,在沈阳制造九一八事变,日本策动华北五省、两市的“防共自治运动”,,AB,难,多选题
339,日本全面侵华战争由（）开始。,九一八事变,一·二八事变,华北事变,七七事变,,D,易,单选题
340,日本帝国主义的残暴统治主要有（）。,对中国军民实行惨无人道的活体试验,制造惨绝人寰的大屠杀，残害中国人民,疯狂掠夺中国的资源和财富,强制推行奴化教育，肆意摧残中国文化,,ABCD,易,多选题
341,日本帝国主义残害中国人民的罪行包括（）。,射杀、火焚、活埋及用其他方法处死中国平民和被俘士兵,掳掠和残害中国劳工，成批的劳工被折磨致死,强迫中国等国妇女充当日军性奴隶，形成了丑陋的“慰安妇”制度,对抗日根据地发动毁灭性的“扫荡”“清乡”,,ABCD,易,多选题
342,1937年12月，日军占领（）后，展开烧、杀、淫、掠“大竞赛”。中国平民和被俘士兵被集体射杀、火焚、活埋及用其他方法处死者达30万人以上。,上海,南京,北平,武汉,,B,易,单选题
343,日军对抗日根据地发动毁灭性的（）。,“扫荡”,“清乡”,“接收”,“三光”,,ABD,中,多选题
344,日军实行细菌战、化学战，对中国军民实行惨无人道的活体试验，日军（）将带有病毒的投掷器投放到中国许多地区，造成大量中国平民死亡。,731部队,106师团,广岛师团,223联队,,A,易,单选题
345,日本侵略者通过（）掠夺中国的资源和财富。,直接夺取资源,按市场价格买光百姓家中所有物资,通过伪政权间接搜刮,以低廉价格强制“收购”粮食,,ACD,中,多选题
346,日本侵略者在中国犯下的罪行罄竹难书，战争期间，中国军民伤亡人数超过（）。,1000万,2000万,2800万,3500万,,D,易,单选题
347,中国人民在（）的奋起抵抗，成为中国人民抗日战争的起点，同时揭开了世界反法西斯战争的序幕。,山东,沿海,东北,西北,,C,易,单选题
348,1931年9月20日，中共中央发表宣言，响亮提出（）。,“反对华北自治”,“停止内战，一致对外”,“坚持抗战到底——反对中途妥协”,“反对日本帝国主义强占东三省”,,D,易,单选题
349,中国共产党直接领导了东北人民的抗日武装斗争，先后选派（）等到东北，加强中共满洲省委及各级地方党组织的领导力量。,吉鸿昌,周保中,赵一曼,马本斋,,BC,中,多选题
350,中国共产党直接领导了东北人民的抗日武装斗争，1936年2月后，中国共产党领导的东北抗日武装力量陆续改建为（）。,东北抗日联军,奉军,中国人民解放军东北野战军,国民革命军东北边防军,,A,易,单选题
351,九一八事变后，抗日救亡运动在全国兴起。中国共产党及其领导的（）是抗日救亡运动的中坚力量。,工农红军,广大工人,大地主,农民,,ABD,中,多选题
352,一·二八事变后，国民党（）奋起抗日，中共中央号召各界民众支援。,新六军,第九集团军,第十九路军,第二十九军,,C,难,单选题
353,1933年5月，原西北军将领（）成立察哈尔民众抗日同盟军，并谋求同共产党合作。,冯玉祥,刘湘,佟麟阁,张维玺,,A,易,单选题
354,1933年11月，第十九路军将领蔡廷锴、蒋光鼐以及国民党内爱国人士李济深、陈铭枢等发动了反蒋抗日的（）。,西安事变,福建事变,天京事变,北京事变,,B,易,单选题
355,1934年4月，由中国共产党提出，宋庆龄、何香凝、李杜等1779人领衔，发表了（），在该纲领上签字的群众达几十万人。,八一宣言,《中共中央为公布国共合作宣言》,《中国人民对日作战的基本纲领》,《中国共产党抗日救国十大纲领》,,C,难,单选题
356,1935年12月9日，北平学生举行声势浩大的抗日游行，遭到国民党军警镇压。其游行口号不包括（）。,“反对华北自治”,“外争主权、内除国贼”,“停止内战，一致对外”,“打倒日本帝国主义”,,B,中,单选题
357,（）标志着中国人民抗日救亡运动新高潮的到来。,五四运动,一二·九运动,一二·一运动,一二三〇运动,,B,难,单选题
358,1935年8月1日，中共驻共产国际代表团草拟（）并公开发表，主张停止内战，组织国防政府和抗日联军，对日作战。,《中国人民对日作战的基本纲领》,《对目前时局的宣言》,《中国共产党抗日救国十大纲领》,《中国苏维埃政府、中国共产党中央为抗日救国告全体同胞书》,,D,难,单选题
359,1935年12月，中共中央召开政治局扩大会议，提出党的基本策略任务是（）。,建立广泛的抗日民族统一战线,独立抗日,尽快用武力推翻国民党政权,向顽固派无条件妥协,,A,易,单选题
360,在（）上，党提出建立广泛的抗日民族统一战线。,西柏坡会议,中共七大,洛川会议,瓦窑堡会议,,D,易,单选题
361,1936年9月1日，中共中央明确提出党的总方针是（）。,“联蒋抗日”,“逼蒋抗日”,“反蒋抗日”,“独立抗日”,,B,易,单选题
362,1935年12月，中共中央在陕北（）召开政治局扩大会议，批评了党内长期存在的“左”倾冒险主义、关门主义错误倾向。,瓦窑堡,洛川,杨家岭,枣园,,A,易,单选题
363,（）爆发后，中国进入全民族抗战阶段，并开辟了世界反法西斯战争的东方主战场。,九一八事变,卢沟桥事变,西安事变,福建事变,,B,易,单选题
364,1936年12月12日，（）毅然实行“兵谏”，扣留蒋介石，并通电全国，提出停止内战、一致抗日等八项主张。,张学良,冯玉祥,杨虎城,张自忠,,AC,中,多选题
365,西安事变发生后，党中央派（）前往西安。,徐特立,林伯渠,王若飞,周恩来,,D,易,单选题
366,1937年8月25日，中共中央革命军事委员会发布命令，宣布红军改名为（）。朱德任总指挥，彭德怀任副总指挥。,国民革命军第四路军,国民革命军第八路军,国民革命军第十八军,国民革命军第二十九军,,B,易,单选题
367,1937年，南方八省的红军游击队改编为国民革命军陆军新编第四军，（）任军长，项英任副军长。,刘伯承,朱德,叶挺,贺龙,,C,易,单选题
368,（）标志着以国共两党第二次合作为基础的抗日民族统一战线正式形成。,周恩来等将《中共中央为公布国共合作宣言》交给蒋介石,国民党中央通讯社发表中共中央的宣言,红军改名为八路军,蒋介石发表实际上承认共产党合法地位的谈话,,D,易,单选题
369,少数民族群众积极参加抗日战争。（）领导的翼中回民支队就进行了大小战斗870多次。,马定夫,马占山,马本斋,马振华,,C,易,单选题
370,抗日战争开始后，港澳同胞和海外华侨以各种方式参加抗日活动。以（）为主席的华侨筹赈祖国难民总会，分支机构遍及东南亚。,陈嘉庚,陈荣久,陈钟书,陈安宝,,A,易,单选题
371,从卢沟桥事变到（），中国抗战处于战略防御阶段。,上海沦陷,太原失守,广州、武汉失守,枣宜会战,,C,易,单选题
372,1938年3月，李宗仁等部在（）中取得大捷，歼灭了日军大量有生力量。,台儿庄战役,豫湘桂战役,昆仑关战役,武汉保卫战,,A,易,单选题
373,在战略防御阶段，以国民党军队为主体的正面战场担负了抗击日军战略进攻的主要任务，组织了（）等一系列大战役。,忻口会战,徐州会战,武汉会战,百团大战,,ABC,中,多选题
374,在战略防御阶段，以国民党军队为主体的正面战场所进行的大部分战役几乎都以退却、失败而结束，原因在于（）。,日军在力量对比上占优势,国民党没有出台任何有利于抗日的政策,国民党的政策重点不在抗日,国民党战略指导方针的失误,,AD,难,多选题
375,在淞沪会战中，第八十八师五二四团团附（）率孤军据守四行仓库，被上海市民誉为“八百壮士”。,戴安澜,谢晋元,张自忠,佟麟阁,,B,易,单选题
376,国民党军队的爱国将士表现了空前的民族义愤和抗战热情。在北平南苑的战斗中，（）先后阵亡。,赵登禹,张自忠,戴安澜,佟麟阁,,AD,中,多选题
377,抗日战争开始后，（）迁往昆明，合并组建为国立西南联合大学。,清华大学,南开大学,武汉大学,北京大学,,ABD,中,多选题
378,1939年1月，国民党五届五中全会决定成立“防共委员会”，确定（）的方针。,“防共、限共、溶共、反共”,“调整、巩固、充实、提高”,“又团结又斗争”,“避敌主力、打其虚弱”,,A,易,单选题
379,1940年5月，在枣宜会战中，第三十三集团军总司令（）殉国。,佟麟阁,赵登禹,张自忠,戴安澜,,C,易,单选题
380,1942年2月，中国远征军进入缅甸对日作战。陆军第二〇〇师师长（）在缅北殉国。,佟麟阁,赵登禹,张自忠,戴安澜,,D,中,单选题
381,在1944年4月至1945年1月的（）中，国民党军队大溃败，丢失拥有146座大小城市、6000多万人口的20多万平方公里的国土。,淞沪抗战,绥远抗战,第三次长沙会战,豫湘桂战役,,D,易,单选题
382,1941年12月，日军发动太平洋战争后，美国提议设立（）。,缅甸战区,越南战区,中国战区,朝鲜战区,,C,易,单选题
383,1937年8月，中国共产党在（）召开政治局扩大会议，制定了抗日救国十大纲领。,陕北洛川,陕北瓦窑堡,陕北延安,西柏坡,,A,易,单选题
384,1937年8月召开的洛川会议提出（）。,要团结所有大地主和买办阶级,必须坚持统一战线中无产阶级的领导权,在敌人后方放手发动独立自主的山地游击战争,在国民党统治区放手发动抗日群众运动,,BCD,中,多选题
385,洛川会议提出，进行全面的全民族抗战，就要（）。,实行全国军事总动员、全国人民总动员,改革政治机构，给人民以充分的抗日民主权利,针锋相对、保持斗争,适当改善工农大众生活,,ABD,难,多选题
386,1938年5月至6月间，毛泽东发表（）的讲演，总结全民族抗战10个月来的经验，批驳了“亡国论”“速胜论”等错误观点。,《中国革命战争的战略问题》,《论反对日本帝国主义的策略》,《抗日游击战争的战略问题》,《论持久战》,,D,易,单选题
387,（）系统阐明了抗日战争的发展规律和坚持抗战、争取抗战胜利必须实行的战略总方针，是中国共产党领导抗日战争的纲领性文献。,《中国革命战争的战略问题》,《论反对日本帝国主义的策略》,《实践论》《矛盾论》,《论持久战》,,D,难,单选题
388,毛泽东写了（），特别强调了抗日战争全过程中游击战争的重要战略地位。,《中国革命战争的战略问题》,《抗日游击战争的战略问题》,《论反对日本帝国主义的策略》,《论持久战》,,B,易,单选题
389,1937年9月，八路军第一一五师主力在（）附近伏击日军，取得全民族抗战以来中国军队主动寻歼敌人的第一次重大胜利。,平型关,台儿庄,枣庄,昆仑关,,A,易,单选题
390,八路军配合国民党军队进行忻口战役，相继取得（）的胜利。,台儿庄战役,雁门关伏击战,夜袭阳明堡日军机场,平型关战斗,,BC,中,多选题
391,太原失守后，八路军在敌后发动独立自主的敌后游击战争，先后开辟（）和大青山等抗日根据地。,晋察冀,晋西北,晋冀豫,山东,,ABCD,易,多选题
392,新四军挺进长江南北后，创建了（）抗日根据地。,山东,华中,浙东,湘西,,B,易,单选题
393,到1938年10月，共产党领导的（）同日、伪军作战1600多次，毙伤、俘敌5.4万人。,中央军,晋绥军,八路军,新四军,,CD,中,多选题
394,在艰苦的敌后抗战中，涌现出（）等可歌可泣的英雄事迹。,东北抗联8名女战士陷入敌人包围后，投河殉国,“狼牙山五壮士”砸枪跳崖,新四军“刘老庄连”全部壮烈牺牲,东北抗日联军杨靖宇、赵尚志以身殉国,,ABCD,易,多选题
395,游击战在敌后的广泛开展和敌后抗日根据地的开辟，对（），起了关键性作用。,使战争转入相持阶段,阻止日军进攻,减轻正面战场压力,迅速战胜日军,,ABC,中,多选题
396,为打击日本侵略者，人民军队在有利条件下也进行过（），例如百团大战。,地道战,游击战,运动战,地雷战,,C,易,单选题
397,国共统一战线内部不可避免地存在着矛盾和斗争，其原因不包括（）。,代表不同的阶级利益,由不同民族群体构成,参加抗战的目的不尽相间,实行的抗战路线不同,,B,易,单选题
398,全民族抗战伊始，中共中央就提出必须在统一战线中坚持独立自主原则。为此，共产党必须（）。,和国民党紧密团结、完全听从国民党指挥,保持在思想上、政治上和组织上的独立性,坚持对人民军队的绝对领导,对国民党采取又团结又斗争、以斗争求团结的方针,,BCD,中,多选题
399,针对统一战线中出现的中途妥协和内部分裂两大危险，1939年7月中国共产党明确提出（）口号。,“坚持抗战到底——反对中途妥协”,“巩固国内团结——反对内部分裂”,“坚持针锋相对——反对团结协作”,“力求全国进步——反对向后倒退”,,ABD,中,多选题
400,1941年1月，国民党顽固派发动（），在皖南以8万余兵力包围袭击新四军军部及所属部队，并诬称新四军“叛变”，宣布取消其番号。,第一次反共高潮,第二次反共高潮,第三次反共高潮,第四次反共高潮,,B,易,单选题
401,为了抗日民族统一战线的坚持、扩大和巩固，中国共产党总结反“摩擦”斗争的经验，制定了（）的策略方针。,发展进步势力,争取中间势力,反对顽固势力,团结顽固势力,,ABC,难,多选题
402,为了抗日民族统一战线的坚持、扩大和巩固，中国共产党提出了发展以（）为主的进步势力的策略方针，指出其是统一战线的基础，抗日战争的主要依靠力量。,工人,农民,民族资产阶级,城市小资产阶级,,ABD,难,多选题
403,1941年5月中共中央批准颁布的（），全面体现了中国共产党关于根据地建设的基本方针。,《中国土地法大纲》,《陕甘宁边区施政纲领》,《中国人民对日作战的基本纲领》,《中国共产党抗日救国十大纲领》,,B,易,单选题
404,根据地政权是共产党领导的抗日民族统一战线性质的政权，在工作人员分配上实行“三三制”原则，即（）各占1/3的比例。,国民党右派,共产党员,党外进步人士,中间派,,BCD,中,多选题
405,抗日战争时期，为克服根据地面临的严重困难局面，党领导根据地军民开展了（）。,反饥饿运动,大生产运动,整风运动,土地改革运动,,B,易,单选题
406,八路军第三五九旅艰苦奋斗，使荒凉的（）变成了“陕北江南”。,南泥湾,杨家岭,杨家沟,枣园,,A,易,单选题
407,抗日战争期间，党在陕甘宁边区创办了（），用以培养干部、吸收全国各地到延安来的知识分子。,西南联合大学,中国人民抗日军事政治大学,鲁迅艺术学院,马列学院,,BCD,中,多选题
408,1944年9月，中共参政员（）在国民参政会上正式提出立即结束国民党一党统治、建立各抗日党派民主联合政府的主张，得到各界热烈响应。,周恩来,吴玉章,林伯渠,徐特立,,C,难,单选题
409,全民族抗战开始后，为了加强文化建设与干部教育，中共中央所采取的行动有（）。,创办了一批干部学校和专门学校,创办了大批中小学,开展冬学运动,创办了延安自然科学院,,ABCD,中,多选题
410,中国共产党的（）在国民党统治区公开发行，及时宣传党的主张，鼓舞和激励群众的抗战热情。,《红旗》,《群众》周刊,《晋察冀日报》,《新华日报》,,BD,中,多选题
411,1938年8月，中共驻共产国际代表（）回国，传达共产国际指示：中共中央的政治路线是正确的，中共中央要以毛泽东为首来解决统一领导的问题。,王稼祥,王若飞,瞿秋白,董必武,,A,易,单选题
412,为了将丰富的中国革命实际经验马克思主义化，以更好地指导抗日战争和中国革命，1939年、1940年之交，毛泽东撰写了（）等一批重要理论著作。,《我的马克思主义观》,《〈共产党人〉发刊词》,《中国革命和中国共产党》,《新民主主义论》,,BCD,中,多选题
413,（）以后的中国民主革命，属于无产阶级领导的人民大众的反帝反封建的新民主主义革命。,辛亥革命,五四运动,大革命,抗日战争,,B,易,单选题
414,毛泽东指出，（）是中国共产党在中国革命中战胜敌人的三个主要法宝。,统一战线,武装斗争,游击战争,党的建设,,ABD,中,多选题
415,新民主主义理论指出，由无产阶级领导的人民大众的反帝反封建的中华民族的新文化，也就是（）的文化。,一元的,民族的,科学的,大众的,,BCD,易,多选题
416,新民主主义理论指出，中国共产党领导的整个中国革命运动，包括（）阶段。,封建政权更迭,民主主义革命,社会主义革命,共产主义革命,,BC,易,多选题
417,1942年2月，毛泽东作了（）的讲演，整风运动在全党范围普遍展开。,《整顿党的作风》,《反对党八股》,《论持久战》,《论反对日本帝国主义的策略》,,AB,中,多选题
418,“为什么人的问题，是一个根本的问题，原则的问题。”出自1942年5月毛泽东在（）的讲话。,扩大的六届六中全会,延安文艺座谈会,扩大的六届七中全会,洛川会议,,B,中,单选题
419,中共扩大的六届七中全会原则通过了（），至此，整风运动胜利结束。,《中国共产党抗日救国十大纲领》,《新民主主义论》,《中国革命和中国共产党》,《关于若干历史问题的决议》,,D,易,单选题
420,《关于若干历史问题的决议》的重要意义在于（）。,对建党以后特别是党的六届四中全会至遵义会议前这一段党的历史及其经验教训进行了总结,对党的若干重大历史问题作出结论,使全党特别是党的高级干部对中国革命基本问题的认识达到了一致,增强了全党团结，为党的七大胜利召开创造了充分条件,,ABCD,易,多选题
421,1945年4月23日至6月11日，中国共产党第七次全国代表大会在（）举行。,重庆,延安,西柏坡,北京,,B,易,单选题
422,中共七大把党在长期奋斗中形成的优良作风概括（）。,理论和实践相结合的作风,和人民群众紧密联系在一起的作风,自我批评的作风,独立自主、我行我素、无所畏惧的作风,,ABC,中,多选题
423,（）把毛泽东思想确立为党的指导思想并写入了党章。,中共七大,七届二中全会,中共八大,新政协会议,,A,易,单选题
424,1945年4月，包括解放区代表（）在内的中国代表团出席了联合国制宪会议，中国成为联合国的创始国和联合国安理会常任理事国之一。,董必武,王稼祥,王若飞,周恩来,,A,易,单选题
425,1945年7月26日，中、美、英三国发表（），敦促日本投降。,波茨坦公告,开罗宣言,雅尔塔协定,德黑兰宣言,,A,易,单选题
426,1945年8月9日，毛泽东发表（）的声明，号召“中国人民的一切抗日力量应举行全国规模的反攻”。,《论反对日本帝国主义的策略》,《〈共产党人〉发刊词》,《对日寇的最后一战》,《中国共产党抗日救国十大纲领》,,C,易,单选题
427,1945年（），日本天皇裕仁发布《终战诏书》，日本无条件投降。,8月9日,8月15日,9月3日,10月25日,,B,中,单选题
428,抗日战争取得完全胜利的重要标志是（）。,日本天皇裕仁发布《终战诏书》,中、美、英三国发表波茨坦公告,日本代表在投降书上签字,被日本占领50年的台湾以及澎湖列岛重归中国主权管辖,,D,易,单选题
429,（）是世界反法西斯战争的东方主战场。,太平洋战场,缅甸战场,中国战场,东欧战场,,C,易,单选题
430,日本代表在投降书上签字，代表侵华日军128万人正式向中国投降。至此，中国抗日战争胜利结束。（）成为中国人民抗日战争胜利纪念日。,8月15日,9月2日,9月3日,10月25日,,C,中,单选题
431,（）是最早为中国抗战提供援助的国家。,美国,苏联,新加坡,英国,,B,易,单选题
432,美国陆军航空队退役军官（）组建了美国援华志愿航空队，冒险开辟驼峰航线。,马海德,陈纳德,柯棣华,爱波斯坦,,B,易,单选题
433,抗日战争时期，曾在中国救死扶伤、援助抗战的外国医生有（）。,斯诺,白求恩,柯棣华,贝熙叶,,BCD,中,多选题
434,（）在南京大屠杀中千方百计保护中国难民。,辛德贝格,拉贝,陈纳德,白求恩,,AB,中,多选题
435,（）是中国人民抗日战争胜利的决定因素。,全民族抗战的历史洪流,实施持久战的战略总方针,苏联、美国的援助,以爱国主义为核心的民族精神,,D,难,单选题
436,（）是中国人民抗日战争胜利的关键。,全民族抗战的历史洪流,中国共产党的中流砥柱作用,国际组织以及各种反法西斯力量的同情和支持,以爱国主义为核心的民族精神,,B,难,单选题
437,抗日战争结束后的政治形势主要是指（）。,中国人民的觉悟程度和组织程度空前提高,人民军队发展到约132万人,社会主义国家、民族解放运动力量有了新发展,帝国主义势力遭到削弱,,ABCD,易,多选题
438,国民党统治集团作为大地主、大资产阶级的政治代表，其根本目标是（）。,改造国民政府为民主的新政府,建立有利于资本主义发展的立宪制国家,维持蒋介石的独裁统治和半殖民地半封建社会,建设和平的、团结的中国,,C,易,单选题
439,蒋介石在积极准备内战的同时，又表示愿意与中共进行和平谈判。原因不包括（）。,以此敷衍国内外舆论，掩盖其正在进行的内战准备,其内心仍有和平建国、政治协商的意愿,诱使中共交出人民军队和解放区政权,若谈判不成，即发动内战并把战争责任转嫁给中国共产党,,B,易,单选题
440,抗战结束后，美国对华政策的目标是（）。,阻止共产党完全控制中国,推动中国进行政治社会改革,与中国建立紧密、公平、对等的贸易关系,推动建立一个稳定、统一的亲美政府,,AD,中,多选题
441,第二次世界大战结束后，美国采取（）等做法，企图通过国民党控制中国。,要求国民党政府搞一点形式上的民主,在经济、政治、军备等方面大力援助国民党政府,要求国民党争取中间派的同情和支持,帮助国民党军队运兵抢占战略要点,,ABCD,中,多选题
442,1945年8月25日，中共中央发表《对目前时局的宣言》，明确提出（）的口号。,和平,民主,战争,团结,,ABD,中,多选题
443,为了争取和平民主，毛泽东不顾个人安危，应蒋介石电邀，于8月28日偕（）赴重庆与国民党当局进行谈判。,周恩来,董必武,王若飞,王稼祥,,AC,中,多选题
444,1945年10月10日，国共双方签署（），即“双十协定”，确认和平建国的基本方针，同意“长期合作，坚决避免内战”。,《对目前时局的宣言》,《中共中央为公布国共合作宣言》,《关于若干历史问题的决议》,《政府与中共代表会谈纪要》,,D,易,单选题
445,1946年1月10日，（）开幕，出席会议的有国民党、共产党、民主同盟、青年党和无党派人士代表共38人。,政治协商会议,全国土地会议,中国人民政治协商会议,制宪会议,,A,易,单选题
446,1946年6月26日，国民党军以进攻（）为起点，挑起了全面内战。,华北解放区,中原解放区,东北解放区,山东解放区,,B,中,单选题
447,“国共谈判破裂了，但我党满载人心归去”，这是在说（）。,国共两党两条不同抗战路线，是一切中国问题的关键所在,战争的伟力之最深厚的根源，存在于民众之中,中国共产党争取和平民主的努力使得人民群众懂得了谁应该为内战承担责任,重庆谈判是中国革命转危为安的关键,,C,难,单选题
448,为打退国民党对解放区的军事进攻，中共中央指出（）。,必须争取一切可以争取的人,必须采取集中优势兵力、各个歼灭敌人的作战原则,在党的领导下建立最广泛的人民民主统一战线,必须和人民群众亲密合作,,ABCD,易,多选题
449,1946年6月至1947年6月，人民军队处于（）阶段。战争主要在解放区进行。,战略撤退,战略反攻,战略防御,战略进攻,,C,难,单选题
450,1947年6月底，（）率领的晋冀鲁豫野战军主力，实施中央突破，千里跃进大别山。,陈毅、粟裕,贺龙、习仲勋,陈赓、谢富治,刘伯承、邓小平,,D,易,单选题
451,1946年至1947年，国民党军对解放区的全面进攻受阻后，而改为对（）的重点进攻。,陕北、山东解放区,中原解放区,绥远地区,东北地区,,A,易,单选题
452,（）从根本上粉碎了国民党统治集团的速战速决计划，并使他们陷入人民战争的汪洋大海之中。,解放军进入北平,解放军打退了国民党军的重点进攻,解放军在东北、热河、冀东、豫南等地开始局部反攻,解放军收复和解放了153座城市,,BCD,中,多选题
453,（）调动和吸引国民党军南线全部兵力160多个旅中约90个旅于自己周围，迫使国民党军处于被动地位，人民解放战争战略进攻的序幕由此揭开。,晋冀鲁豫野战军主力,晋冀鲁豫野战军一部,华东野战军主力,西北野战军,,ABC,难,多选题
454,1947年10月10日，中国人民解放军总部发表宣言，提出（）的口号，极大鼓舞了解放军全体指战员和全国人民的斗志。,“打倒蒋介石，解放全中国”,“停止内战，一致对外”,“反对华北自治”,“避敌主力、打其虚弱”,,A,易,单选题
455,1946年5月4日，中共中央发布（），标志着党的土地政策的重要改变。,《中国土地法大纲》,《井冈山土地法》,《中华人民共和国土地法》,《关于土地问题的指示》,,D,难,单选题
456,1947年7月至9月，中国共产党制定的（），明确规定“废除封建性及半封建性剥削的土地制度”。,《中国土地法大纲》,《井冈山土地法》,《中华人民共和国土地法》,《关于土地问题的指示》,,A,易,单选题
457,1947年7月至9月，中国共产党在西柏坡召开了全国土地会议，明确规定“（）”。,减租减息，发展生产,停止实行没收地主土地,联合中农，团结富农,实行耕者有其田的土地制度,,D,易,单选题
458,解放区进行的土地制度改革使农民进一步认识到（）是他们自身利益的坚决维护者。,中国国民党,中国共产党,民族资产阶级,小资产阶级知识分子,,B,易,单选题
459,人民解放战争获得（）等源源不断的人力、物力支援。,大批青壮年农民踊跃参加人民军队,各地农民主动将粮食、被服等送上前线,各地农民成立运输队、担架队、破路队来担负战争勤务,人民群众广泛建立和发展民兵组织，配合解放军作战,,ABCD,易,多选题
460,在国民党统治区，以（）为先导的人民民主运动也迅速发展起来，成为配合人民解放战争的第二条战线。,学生运动,工人运动,农民起义,商人罢市,,A,难,单选题
461,国民党统治区陷入严重经济危机体现在（）。,农村饿殍遍地，人民在饥饿和死亡线上挣扎,城市失业人数陡增,工农业生产严重萎缩,大批民族工商业濒于倒闭,,ABCD,易,多选题
462,1945年底，昆明学生发动了以（）为主要口号的一二·一运动。,“反对内战，争取自由”,“停止内战，一致对外”,“打倒蒋介石，解放全中国”,“反对日本帝国主义强占东三省”,,A,中,单选题
463,为抗议驻华美军强暴北京大学先修班一女学生，北平学生高喊“抗议美军暴行！”“美军退出中国！”的口号，举行示威游行。这就是（）。,“一二三〇运动”,五卅运动,“一二·九运动”,五四运动,,A,难,单选题
464,1947年5月到6月，饥饿的城市居民（）的风潮席卷包括江苏、浙江、安徽、四川等省的40多个大小城镇。,投机银元,“抢米”,购买股票,购买黄金,,B,易,单选题
465,1947年秋，（）酝酿成立联合组织，得到了宋庆龄的支持。,三民主义同志联合会,中国国民党民主促进会,其他国民党民主派,国民党顽固派,,ABC,中,多选题
466,1941年3月，中国民主政团同盟在重庆诞生，（）被推选为中央常务委员会主席。,戴季陶,黄炎培,傅作义,林森,,B,难,单选题
467,1945年12月，中国民主促进会在上海宣告成立，组成人员部分是（）所联系的文化、教育、出版工作者，另一部分是王绍鏊所联系的部分上海工商界爱国人士。,马叙伦,胡适,傅斯年,张恨水,,A,难,单选题
468,抗日战争胜利后，民主党派在中国政治舞台上比较活跃。各民主党派的政纲不尽相同，但都（）。,主张爱国,主张民主,反对卖国,反对独裁,,ABCD,易,多选题
469,抗日战争胜利后，某些民主党派的领导人企图走（）的道路，建立资产阶级共和国，他们所主张的实质上是旧民主主义的道路。,和平改良,暴力革命,君主立宪,官僚买办操控,,A,易,单选题
470,国民党当局以暴力对民主党派施行迫害。（）惨遭杀害，民盟地方组织的许多成员被逮捕、绑架、杀害，其所办的多家报社被捣毁或遭袭击。,李公朴,闻一多,杜斌丞,沈钧儒,,ABC,中,多选题
471,1948年1月，民盟领导人（）等在香港召开民盟一届三中全会，宣布不接受解散民盟的任何决定，并恢复民盟总部。,何应钦,沈钧儒,白崇禧,胡宗南,,B,易,单选题
472,1949年1月22日，李济深、沈钧儒等民主党派的领导人和著名的无党派民主人士55人联合发表（）。,《中国革命战争的战略问题》,《中国革命和中国共产党》,《共同纲领》,《对时局的意见》,,D,难,单选题
473,民主党派和无党派民主人士联合发表的《对时局的意见》表达了（）。,中共提出召开政治协商会议、成立联合政府的主张符合全国人民大众的要求,期望独立、自由、和平、幸福的新中国之早日实现,必须实现英美式的民主政治，不准地主官僚资本家操纵,愿在中共领导下，献其绵薄，共策进行,,ABD,中,多选题
474,（），人民解放战争进入夺取全国胜利的决定性阶段。,1945年10月,1947年6月底,1948年秋,1949年10月,,C,难,单选题
475,淮海战役以华东野战军、中原野战军以及地方武装共60万人为主力，由（）和谭震林组成的总前委领导。,刘伯承,陈毅,邓小平,粟裕,,ABCD,难,多选题
476,1949年4月21日，毛泽东、朱德发布《向全国进军的命令》，人民解放军第二、第三野战军强渡（），一举摧毁国民党苦心经营了3个半月的防线。,黄河,长江,淮河,汉水,,B,易,单选题
477,（）宣告延续22年之久的国民党反动统治覆灭。,人民解放军和平解放北平,三大战役的胜利,人民解放军占领南京,纪念“五一”节口号的发布,,C,易,单选题
478,1949年3月召开的（），规定了党在全国胜利后在政治、经济、外交方面应当采取的基本政策，指出了中国由农业国转变为工业国、由新民主主义社会转变为社会主义社会的发展方向。,瓦窑堡会议,中共七大,中共七届二中全会,新政协会议,,C,易,单选题
479,毛泽东在（）上指出，在胜利面前，必须警惕资产阶级“糖衣炮弹”的攻击。,遵义会议,中共六届六中全会,中共七大,中共七届二中全会,,D,易,单选题
480,（）标志着中国革命重心从农村转向城市。,中央领导人与中央机关、人民解放军总部进驻北平香山,中共七届二中全会的召开,人民政协会议的召开,《论人民民主专政》一文的发表,,A,易,单选题
481,“我们决不当李自成，我们都希望考个好成绩”，是毛泽东在（）情况下提出的。,中共七大的召开,抗日战争取得胜利,人民政协会议的召开,中共中央向北平进发,,D,易,单选题
482,人民民主专政主要是（）的联盟。,工人阶级,城市小资产阶级,民族资产阶级,农民阶级,,AD,中,多选题
483,（）构成了《中国人民政治协商会议共同纲领》的基础。,《八一宣言》,中共七届二中全会的决议,《论人民民主专政》,《论十大关系》,,BC,难,多选题
484,完成创建新中国的任务，是由（）承担的。,中共七届二中全会,中国人民政治协商会议,开国大典,中央人民政府委员会第一次会议,,B,易,单选题
485,（），中国人民政治协商会议第一届全体会议在北平隆重开幕。,1945年10月10日,1949年4月21日,1949年9月21日,18172,,C,易,单选题
486,（）在一个时期内起着新中国临时宪法的作用。,《中国人民政治协商会议组织法》,《中国人民政治协商会议共同纲领》,《论人民民主专政》,《中华人民共和国宪法》,,B,中,单选题
487,（）的召开，标志着中国共产党领导的多党合作和政治协商制度的确立。,土地工作会议,党的七届二中全会,人民政协会议,党的七大,,C,易,单选题
488,1949年10月9日，（）当选政协全国委员会主席。,毛泽东,周恩来,聂荣臻,刘伯承,,A,难,单选题
489,1949年10月1日，中央人民政府委员会任命（）为政务院总理兼外交部部长。,毛泽东,周恩来,聂荣臻,刘伯承,,B,易,单选题
490,人民政协会议通过了中央人民政府组织法，一致选举（）为中央人民政府主席。,毛泽东,周恩来,聂荣臻,刘伯承,,A,易,单选题
491,“我们的工作将写在人类的历史上，它将表明：占人类总数四分之一的中国人从此站立起来了。”这是毛泽东在（）上发表的宣告。,中国共产党第七届中央委员会第二次全体会议,中国人民政治协商会议第一届全体会议,开国大典,中央人民政府委员会第一次会议,,B,难,单选题
492,中国人民政治协商会议第一届全体会议的内容包括（）。,北平为中华人民共和国首都，将北平改名为北京,决定采用公元纪年,以《义勇军进行曲》为代国歌,国旗为五星红旗，象征全国人民在共产党领导下的大团结,,ABCD,易,多选题
493,（）是民主革命的主要力量，涌现出了无数无畏的英雄和不屈的战士。,工人,农民,国民党右派,城市小资产阶级,,ABD,中,多选题
494,革命的根本问题是（）。,国家政权问题,领导人的阶级问题,参与群众的阶级问题,创造革命理论问题,,A,中,单选题
495,1949年10月1日召开的中央人民政府委员会第一次会议任命（）为人民革命军事委员会主席。,毛泽东,周恩来,朱德,贺龙,,A,易,单选题
496,（）彻底废除了列强强加给中国的不平等条约和帝国主义在中国的一切特权。,抗日战争的胜利,南京国民党政权的覆灭,《中苏友好同盟互助条约》的签订,中华人民共和国的成立,,D,易,单选题
497,新中国成立后，中国共产党成为在全国范围执掌政权的党，党的工作重心（）。,从城市转向农村,从农村转向城市,依旧保持在农村,依旧保持在城市,,B,易,单选题
498,到（）年年底，国民经济得到全面恢复和初步发展。,1949,1952,1954,1957,,B,中,单选题
499,为了发展和改革高等教育，1951年底至1953年，教育部对（）进行调整，大幅度扩大招生，以适应工业化建设对专业人才的急迫需要。,初等学校,中等学校,高等学校,科研机构,,C,易,单选题
500,新中国成立之初，全国开展了大规模的（），城乡落后的卫生面貌大为改观。,土地改革运动,人民公社化运动,学习雷锋,爱国卫生运动,,D,易,单选题
501,1950年2月，新中国同苏联订立了（）和有关协定。,《尼布楚条约》,《瑷珲条约》,《中苏友好同盟互助条约》,《友好互助合作条约》,,C,难,单选题
502,1950年5月，人民解放军攻占（），解放台湾的准备工作进一步加紧进行。,海南岛,涠洲岛,金门岛,澎湖列岛,,A,易,单选题
503,1950年8月起美军飞机不断入侵中国领空，多次轰炸中国东北边境地区，党中央在全面分析国际国内形势、权衡各种利弊之后，作出了（）的战略决策。,“支援朝鲜人民，推迟解放台湾”,“外争主权、内除国贼”,“为解放台湾而奋斗到底”,“打倒蒋介石，解放全中国”,,A,易,单选题
504,应朝鲜劳动党和政府请求，中国共产党和人民政府作出了派遭中国人民志愿军入朝作战，抗美援朝、保家卫国的历史性决策，组建以（）为司令员兼政治委员的中国人民志愿军。,周恩来,彭德怀,刘伯承,贺龙,,B,易,单选题
505,（）以伟大胜利宣告：“西方侵略者几百年来只要在东方一个海岸上架起几尊大炮就可霸占一个国家的时代是一去不复返了！”,中法战争,抗日战争,人民解放战争,抗美援朝战争,,D,易,单选题
506,经过（），中国人民真正扬眉吐气，极大促进了国防和军队现代化，有力推动了世界和平与人类进步事业。,辛亥革命,抗日战争,解放战争,抗美援朝战争,,D,易,单选题
507,为了加强中国共产党的自身建设，1951年底到1952年，开展了“三反”运动，其中不包括（）。,反行贿,反贪污,反浪费,反官僚主义,,A,易,单选题
508,新中国在利用资本主义工商业的过程中，已经开始对它进行适当的限制，并把其中的大部分引上了（）的道路。,公私合营,社会主义公有制,初级形式的国家资本主义,高级形式的国家资本主义,,C,易,单选题
509,过渡时期是指中华人民共和国成立到（）的时期。,土地改革完成,宪法颁布,社会主义改造基本完成,“一五”计划完成,,C,易,单选题
510,“一五”计划确定的经济建设指导方针，突出了集中主要力量发展（），建立国家工业化和国防现代化的初步基础的核心要点。,农业,手工业,轻工业,重工业,,D,易,单选题
511,从（）年开始，经济建设工作有计划地在全国展开。全国城乡迅速形成参加和支授国家工业化建设的氛围。,1949,1953,1956,1959,,B,易,单选题
512,1953年12月，党中央通过（），指导农业互助合作运动稳步前进。,《中共中央关于农业和农村工作若干重大问题的决定》,《农村人民公社工作条例（草案）》,《关于在农村建立人民公社问题的决议》,《关于发展农业生产合作社的决议》,,D,易,单选题
513,到1956年，国营经济占国民收入的比重为32.2%，合作社经济占53.4%，公私合营经济占7.3%，个体经济占7.1%，资本主义经济接近于零。这说明（）。,资本主义企业发展状况不好,社会主义经济制度在中国建立起来,应出台政策鼓励了私营企业发展,经济结构不稳定,,B,易,单选题
514,1956年9月《关于加强农业生产合作社的生产领导和组织建设的指示》所提出的分配原则不包括（）。,按资本要素分配,男女同工同酬,按劳取酬,多劳多得,,A,易,单选题
515,新中国成立后，我国逐步形成了（）。在当时选择这样的经济体制，既遵循了马克思主义理论的内在要求，又充分考虑了当时的国内外形势。,高度集中的计划经济体制,私有制计划经济体制,私有制市场经济体制,以公有制为主体，多种所有制经济共同发展,,A,易,单选题
516,1954年9月，（）在北京召开，大会讨论并通过了《中华人民共和国宪法》。,中国人民政治协商会议第一届全体会议,中央人民政府委员会第一次会议,第一届全国人民代表大会第一次会议,中国共产党第八次全国代表大会,,C,易,单选题
517,（）是我国一项基本政治制度，是中国共产党根据中国历史和现实的特点，运用马克思主义民族理论解决中国民族问题的一项重大创造。,中国共产党领导的多党合作和政治协商制度,人民代表大会制度,民族区域自治制度,居民委员会制度,,C,易,单选题
518,1954年9月16日的《人民日报》登载的《六亿人民心花开》中写道:“这次庄里选到乡，乡里选到县，县里选到省，省里选到中央”。这是在报道（）。,中国人民政治协商会议第一届全体会议,中央人民政府委员会第一次会议,第一届全国人民代表大会第一次会议,中国共产党第八次全国代表大会,,C,易,单选题
519,新中国成立初期，因为没有经验，在经济建设上只得学习甚至照搬（）的做法。,美国,苏联,日本,法国,,B,易,单选题
520,毛泽东提出（）的任务，为探索适合中国情况的社会主义建设道路，提供了基本的指导原则。,农村包围城市，武装夺取政权,马克思主义同中国实际“第二次结合”,建设中国特色社会主义,“从斗争中创造新局面的思想路线”,,B,易,单选题
521,1956年4月初，毛泽东明确提出：“最重要的是要独立思考，把（）同中国革命和建设的具体实际相结合。……找出在中国怎样建设社会主义的道路。”,马列主义基本原理,苏联在社会主义建设中存在的缺点和错误,美国工业生产的经验,儒家传统治国理念,,A,易,单选题
522,1956年1月，中共中央召开关于知识分子问题会议，动员全党和全国人民特别是广大知识分子（）。许多尖端科技项目的集体攻关从这时起步，并开始了向世界科学技术先进水平的进军。,“百花齐放”,“调整、巩固、充实、提高”,“团结—批评—团结”,“向现代科学进军”,,D,易,单选题
523,《论十大关系》提出，在共产党和民主党派的关系上实行（）的方针，确认中国共产党领导的统一战线和多党合作要继续存在、发挥作用。,“长期共存，互相监督”,“发展进步势力、争取中间势力、反对顽固势力”,“以斗争求团结”,“关门主义”,,A,易,单选题
524,（）是以毛泽东为主要代表的中国共产党人开始探索适合中国国情的社会主义建设道路的标志。,《新民主主义论》,《论十大关系》,《中国革命和中国共产党》,过渡时期总路线,,B,中,单选题
525,1956年9月15日至27日，（）在北京举行。毛泽东致开幕词，刘少奇作政治报告，周恩来作关于发展国民经济第二个五年计划建议的报告。,全国政协一届一次会议,全国人大一届二次会议,中共八大,中共八届二中全会,,C,易,单选题
526,1956年9月召开的（）指出，国内主要矛盾是人民对于经济文化迅速发展的需要同当前经济文化不能满足人民需要的状况之间的矛盾。,中共八大,中共八届二中全会,全国政协一届一次会议,全国人大一届二次会议,,A,易,单选题
527,中共八大指出，全国人民的主要任务是（），逐步满足人民日益增长的物质和文化需要。,调整国民经济,开始进行社会主义改造,集中力量发展社会生产力，实现国家工业化,尽快建成社会主义现代化强国,,C,易,单选题
528,“越过高山，越过平原，跨过奔腾的黄河长江，宽广美丽的土地，是我们亲爱的家乡，英雄的人民站起来了，我们团结友爱坚强如钢”，这首歌曲是（）时期的精神写照。,红军长征,解放战争,全面建设社会主义,改革开放,,C,易,单选题
529,（）拉开“大跃进”的序幕。,1957年冬季掀起以兴修水利、养猪积肥和改良土壤为中心的农业生产高潮,1957年11月13日《人民日报》社论提出要在生产战线上来一个大的跃进,1966年5月中共中央政治局扩大会议通过《中国共产党中央委员会通知》,国民经济出现的严重困难局面,,B,难,单选题
530,为解决农业和农村问题，1961年1月，中共八届九中全会决定对国民经济实行（）的方针。,“调整、巩固、充实、提高”,“向现代科学进军”,“团结—批评—团结”,“百花齐放”,,A,易,单选题
531,1964年底，我国提出实现“四个现代化”的历史任务，即“在不太长的历史时期内，把我国建设成为一个具有现代农业、现代工业、现代国防和（）的社会主义强国，赶上和超过世界先进水平”。,现代科学技术,现代军事技术,现代文明大国,现代教育强国,,A,易,单选题
532,1970年经济建设中，内地战略后方以（）为重点的建设迅速全面铺开，地方“五小”工业迅猛发展。,建筑业,新建高等学校,文化设施,国防工业,,D,易,单选题
533,1975年，（）在毛泽东、周恩来支持下，全面主持中共中央和国务院的日常工作，大刀阔斧地进行整顿。,万里,习仲勋,邓小平,薄一波,,C,易,单选题
534,全面建设社会主义时期，在铁路交通运输等基础设施方面取得的成就不包括（）。,建成了我国第一条电气化铁路宝成铁路,建成了世界上海拔最高、线路最长的高原铁路青藏铁路,大庆至秦皇岛的第一条长距离输油管道,具备了自主设计制造万吨级远洋轮船的能力,,B,难,单选题
535,屠呦呦是中国首位诺贝尔医学奖获得者。1972年，屠呦呦和她的同事成功提取出一种新型抗疟药（），挽救了数百万人的生命。,青蒿素,黄酮素,叶绿素,蓝莓素,,A,易,单选题
536,1973年，以袁隆平为代表的农业科学家在世界上首次培育成功强优势的（）。,海水稻,籼型杂交水稻,杂交燕麦,杂交玉米,,B,易,单选题
537,以（）为代表的大庆石油工人，以“宁肯少活20年，拼命也要拿下大油田”的豪情，以“有条件要上，没有条件创造条件也要上”的决心，用三年多的时间，建设起我国最大的石油基地——大庆油田。,申纪兰,黄宝妹,王进喜,马恒昌,,C,易,单选题
538,河南兰考县委书记（），以“生也沙丘，死也沙丘，父老生死系”的赤诚，以“心中装着全体人民、唯独没有他自己”的公仆情怀，拖着患有慢性肝病的身体，带领全县人民封沙、治水、改地，最终积劳成疾去世。,焦裕禄,孔繁森,张思德,杨善洲,,A,易,单选题
539,1971年10月25日，第26届联大决定（）。从此，中国在联合国中发挥日益重要的作用，成为维护世界和平、反对霸权主义的一支中坚力量。,中国加入联合国常任理事国,恢复中华人民共和国在联合国的一切合法权利,中国加入世界贸易组织,中国成为《不扩散核武器条约》成员,,B,易,单选题
540,1972年2月，美国总统（）访华，中美双方在上海发表联合公报，打开了中美关系正常化的大门。,里根,尼克松,克林顿,福特,,B,易,单选题
541,1977年7月，党的十届三中全会决定恢复（）在1976年被撒销的一切职务。,叶剑英,陈云,邓小平,李先念,,C,易,单选题
542,（）年底，被中断十年的高等学校统一招生考试制度得到恢复。全国有570万人参加高考，27.3万人被录取。,1977年,1978年,1979年,1980年,,A,易,单选题
543,1978年5月10日，中央党校内部刊物《理论动态》刊登（），引起了全社会的强烈反响，引发了关于真理标准问题的讨论。,《关于建国以来党的若干历史问题的决议》,《坚持四项基本原则》,《解放思想，实事求是，团结一致向前看》,《实践是检验真理的唯一标准》,,D,易,单选题
544,1978年11月10日至12月15日，中共中央在北京召开工作会议。邓小平在会议闭幕会上作题为（）的讲话，这个讲话是解放思想、开辟新时期新道路的宣言书，实际上成为随后召开的党的十一届三中全会的主题报告。,《关于建国以来党的若干历史问题的决议》,《坚持四项基本原则》,《解放思想，实事求是，团结一致向前看》,《实践是检验真理的唯一标准》,,C,难,单选题
545,（）是解放思想、开辟新时期新道路的宣言书，实际上成为随后召开的党的十一届三中全会的主题报告，为全会实现具有划时代意义的伟大转折奠定了重要基础。,《关于建国以来党的若干历史问题的决议》,《坚持四项基本原则》,《解放思想，实事求是，团结一致向前看》,《实践是检验真理的唯一标准》,,C,难,单选题
546,1978年12月18日至22日，（）在北京召开。会议冲破长期“左”的错误的严重束缚，彻底否定“两个凡是”的错误方针。,中共中央工作会议,党的十一届三中全会,五届全国人大常委会第十五次会议,党的十四大,,B,易,单选题
547,党的十一届三中全会的会议内容不包括（）。,高度评价关于真理标准问题的讨论，果断停止使用“以阶级斗争为纲”的口号,决定把全党的工作重心转移到社会主义现代化建设上来,提出了改革开放的任务,批准广东、福建两省在深圳、珠海、汕头、厦门设置经济特区,,D,难,单选题
548,1980年2月，党的十一届五中全会决定为（）彻底平反，恢复了其作为伟大的马克思主义者和无产阶级革命家、党和国家主要领导人之一的名誉。,刘少奇,彭真,彭德怀,邓小平,,A,易,单选题
549,1979年4月召开的中共中央工作会议，提出对国民经济实行（）的方针，坚决纠正前两年经济工作中的失误，清理长期存在的“左”倾错误影响。,“多、快、好、省”,“调整、改革、整顿、提高”,“全面跃进”,“以钢为纲”,,B,难,单选题
550,1978年夏秋之际，安徽省遭遇严重早灾，（）18户农民想出了包干到户的办法，“保证国家的，留足集体的，剩下都是自己的”。,江阴市华西村,江阴市长江村,厦门市西塘村,风阳县小岗村,,D,易,单选题
551,70年代末，在借鉴农村改革经验的基础上，以（）为主要内容的城市经济体制改革逐步在全国推开。,扩大企业自主权,企业股份制改革,引进外资,扩大对外开放领域,,A,易,单选题
552,扩大企业自主权改革的重要意义不包括（）。,初步改变了过去只按国家指令性计划生产的状况,初步改变了过去不关心产品销路的状况,从此不需要关心盈利亏损的状况,增强了企业的自主经营意识和市场意识,,C,易,单选题
553,“在社会主义公有制经济占优势的根本前提下，实行多种经济形式和多种经营方式长期并存，是我党的一项战略决策。”这段话出自（）。在新的政策指引下，集体经济、个体经济有了新的发展。,《中共中央关于制定国民经济和社会发展第七个五年计划的建议》,《关于经济体制改革的决定》,《关于建国以来党的若干历史问题的决议》,《关于广开门路，搞活经济，解决城镇就业问题的若干决定》,,D,难,单选题
554,1979年1月，广东省和交通部联名向国务院递交报告，提出在（）设立工业区的设想，得到中央批准。不久后，即在轰鸣的开山炮声中开工建设。,蛇口,龙华,盐田,宝安,,A,易,单选题
555,1982年9月1日至11日，（）在北京举行。邓小平在开幕词中响亮提出：“把马克思主义的普遍真理同我国的具体实际结合起来，走自己的道路，建设有中国特色的社会主义”。,党的十一大,党的十二大,党的十三大,党的十四大,,B,易,单选题
556,党的十二大提出了从1981年到20世纪末我国经济建设总的奋斗目标：在不断提高经济效益的前提下，国内工农业年总产值（），人民生活达到小康水平。,在20世纪末与日本持平,在20世纪末翻两番,在20世纪末翻三番,在20世纪末突破100万亿美元,,B,易,单选题
557,（）于1982年11月至12月召开的五届全国人大五次会议通过，充分体现了十一届三中全会以来党和国家在现代化建设和民主法制建设方面的新思想、新举措和新要求。,《中国共产党章程》,《中华人民共和国宪法》,《关于社会主义精神文明建设指导方针的决议》,《中华人民共和国中外合资经营企业法》,,B,难,单选题
558,以下关于1982年宪法的说法，不正确的是（）。,以1954年宪法为基础,纠正了1975年和1978年通过的宪法中存在的问题,肯定了农村人民公社政社合一的体制,体现了党和国家在现代化建设和民主法制建设方面的新思想、新举措和新要求,,C,易,单选题
559,1984年10月，党的十二届三中全会通过（），突破了把计划经济同商品经济对立起来的观点，指出我国社会主义经济是在公有制基础上的有计划的商品经济。,《中共中央关于经济体制改革的决定》,《中共中央关于制定国民经济和社会发展第七个五年计划的建议》,《关于建国以来党的若干历史问题的决议》,《关于广开门路，搞活经济，解决城镇就业问题的若干决定》,,A,难,单选题
560,1986年11月，我国决定实施发展高科技的（）。,“863”计划,科教兴国战略,西部大开发战略,“985工程”,,A,易,单选题
561,1980年2月，党的十一届五中全会通过（），把党章的有关规定和民主集中制的原则具体化。,《关于党内政治生活的若干准则》,《关于严禁党政机关和党政干部经商、办企业的决定》,《关于建立老干部退休制度的决定》,《关于加强社会主义精神文明建设若干重要问题的决议》,,A,难,单选题
562,（）对改革开放和现代化建设实践中形成发展起来的一系列科学理论观点作了归纳，使建设有中国特色的社会主义理论有了更清晰的轮廓。,党的十二大,党的十三大,党的十四大,党的十五大,,B,中,单选题
563,党在社会主义初级阶段的基本路线是：领导和团结全国各族人民，以（）为中心，坚持四项基本原则，坚持改革开放，自力更生，艰苦创业，为把我国建设成为富强、民主、文明的社会主义现代化国家而奋斗。,政治改革,经济建设,丰富文化,发展军事,,B,易,单选题
564,1979年12月，邓小平在会见日本首相大平正芳时指出：我们要实现的四个现代化，是中国式的四个现代化。我们的四个现代化的概念，不是像你们那样的现代化的概念，而是（）。,“小康之家”,“天下大同”,“天下为公”,“中庸之道”,,A,易,单选题
565,1987年4月，邓小平在会见西班牙外宾时明确提出（）现代化战略设想。,“两步走”,“三步走”,新时代“两步走”,“两个一百年”,,B,易,单选题
566,1988年4月，七届全国人大一次会议正式批准（）。,建立深圳特区,建立珠海特区,建立上海自由贸易港,设立海南省和建立海南经济特区,,D,易,单选题
567,党的十一届三中全会后，根据对国际国内形势变化的判断，军事战略方针由“积极防御、诱敌深入”改为（）。,“主动出击”,“积极防御”,“早打、大打”,“避敌主力、打其虚弱”,,B,中,单选题
568,1981年9月，全国人大常委会委员长（）发表谈话，就台湾回归祖国、实现和平统一问题提出九条方针。,邓小平,叶剑英,陈云,李先念,,B,易,单选题
569,1982年9月，英国首相（）访问中国，中英两国开始就香港问题进行谈判。,玛格丽特·希尔达·撒切尔,温斯顿·丘吉尔,戈登·布朗,特雷莎·梅,,A,易,单选题
570,1984年12月，中英两国政府正式签署关于香港问题的联合声明，确认（）的事宜。,中国政府于1997年7月1日对香港恢复行使主权,《中华人民共和国香港特别行政区基本法》通过,中国政府将于1999年12月20日对澳门恢复行使主权,《中华人民共和国澳门特别行政区基本法》通过,,A,易,单选题
571,党的十一届三中全会后，随着国际形势的发展变化，中共中央对外交政策进行的重大调整不包括（）。,改变战争不可避免而且迫在眉睫的观点,对战争与和平问题作出新的科学判断,实施“一边倒”政策,改变过去联美抗苏的“一条线”战略,,C,易,单选题
572,1990年4月，党中央、国务院批准开发开放（）。这不仅促进了本地的迅速发展，而且对长江三角洲、整个长江流城乃至全国的改革开放和经济发展产生了强大的辐射和带动作用。,浦东新区,深圳特区,海南经济特区,上海自由贸易港,,A,易,单选题
573,（）证券交易所是改革开放以来在大陆开业的第一家证券交易所。,上海,深圳,北京,广州,,A,易,单选题
574,（）是建立社会主义市场经济体制的中心环节，也是难点所在。,医疗体制改革,文化教育体制改革,国有企业改革,军队体制改革,,C,易,单选题
575,20世纪90年代，党中央坚持“两手抓，两手都要硬”的方针，指出在进行经济建设的同时，也要重视（）。,生态文明建设,社会保障,精神文明建设,协调发展,,C,易,单选题
576,自1993年至1997年，全国人大及其常委会制定和出台了近百部法律及有关法律的决定，其中多数是（）方面的立法，为其正常运行提供了重要的法律保障。,社会主义文化建设,社会主义市场经济,社会主义民主政治,社会主义环境治理,,B,易,单选题
577,（）首次使用“邓小平理论”这个概念，把这一理论同马克思列宁主义、毛泽东思想一道确立为中国共产党的指导思想，并写入修改后的《中国共产党章程》。,党的十二大,党的十三大,党的十四大,党的十五大,,D,易,单选题
578,1997年2月19日，中国社会主义改革开放和现代化建设的总设计师（）逝世。,毛泽东,周恩来,刘少奇,邓小平,,D,易,单选题
579,（）围绕“什么是社会主义、怎样建设社会主义”这个根本问题，第一次比较系统地回答了建设有中国特色社会主义的一系列基本问题。,毛泽东思想,邓小平理论,“三个代表”重要思想,科学发展观,,B,易,单选题
580,“公有制为主体、多种所有制经济共同发展，是我国社会主义初级阶段的一项基本经济制度。”这是在（）上明确指出的。,党的十三大,党的十四大,党的十五大,党的十六大,,c,难,单选题
581,1998年10月召开的党的十五届三中全会，通过了（），进一步推动解决农业、农村、农民“三农”问题。,《关于党内政治生活的若干准则》,《中共中央关于加强党的建设几个重大问题的决定》,《中共中央关于农业和农村工作若干重大问题的决定》,《关于经济体制改革的决定》,,C,难,单选题
582,党的十五大后，我国明确了以上海（）为龙头带动长江流城经济起飞的发展战略，确定要在21世纪初将上海建成国际经济、金融、贸易中心。,浦东新区,滨海新区,两江新区,天府新区,,A,易,单选题
583,2001年12月11日，中国正式加入（），正式成为其第143名成员。,联合国,世界贸易组织,亚洲太平洋经济合作组织,世界卫生组织,,B,易,单选题
584,1995年5月，党中央准确分析科技发展趋势和国内外形势，作出关于加速科学技术进步的决定，确定实施（），开始全面落实科学技术是第一生产力的思想。,西部大开发战略,科教兴国战略,可持续发展战略,环境保护战略,,B,易,单选题
585,贯彻落实西部大开发战略，扩大西部地区公共投资规模，一大批重点工程相继开工，其中不包括（）。,青藏铁路,西气东输,西电东送,长株潭城际铁路,,D,易,单选题
586,以（）为标志，我国实现了社会主义现代化建设第二步战略目标，人民生活总体上达到小康水平。,“九五”计划胜利完成,中国加入世界贸易组织,党的十五大召开,成功抵御亚洲金融危机,,A,难,单选题
587,20世纪90年代，我国在发展睦邻合作友好关系上取得的重要进展不包括（）。,倡导并推动建立“中国—东盟自由贸易区”,加入世界贸易组织,《中非合作论坛北京宣言》《中非经济和社会发展合作纲领》的通过,建立“上海合作组织”,,B,易,单选题
588,20世纪90年代，中国以更加开放的姿态积极参加多边外交各个领域的活动，不包括（）。,倡议并出席联合国五个安理会常任理事国首脑首次会晤,成立博鳌亚洲论坛,发起创办亚洲基础设施投资银行,举办亚太经合组织第九次领导人非正式会议,,C,难,单选题
589,中英两国政府于（）举行了香港政权交接仪式，宣告中国政府对香港恢复行使主权。中华人民共和国香港特别行政区正式成立。,1984年12月19日午夜至12月20日凌晨,1987年4月13日午夜至4月14日凌晨,1997年6月30日午夜至7月1日凌晨,1999年12月19日午夜至12月20日凌晨,,C,易,单选题
590,澳门于（）回归祖国，中华人民共和国澳门特别行政区正式成立。,1984年12月19日,1997年7月1日,1987年4月13日,1999年12月20日,,D,易,单选题
591,1995年1月30日，江泽民发表《为促进祖国统一大业的完成而继续奋斗》的讲话，强调（）是实现和平统一的基础和前提。,坚持一个中国原则,共同发展经济,两岸交流不间断,两岸“三通”,,A,易,单选题
592,为了显示了中国政府和中国人民维护国家主权和领土完整的坚强决心，1995年下半年到1996年上半年人民解放军在（）进行了一系列大规模军事演习。,南中国海,北部湾,黄海海域,台湾海峡和台湾附近海域,,D,易,单选题
593,以江泽民同志为主要代表的中国共产党人创造性回答了（）的问题，形成了“三个代表”重要思想。,建设什么样的党、怎样建设党,实现什么样的发展、怎样发展,坚持和发展什么样的中国特色社会主义,怎样坚持和发展中国特色社会主义,,A,易,单选题
594,（）11月8日至14日，中国共产党第十六次全国代表大会在北京举行。江泽民作《全面建设小康社会，开创中国特色社会主义事业新局面》的报告。,1997年,2002年,2006年,2008年,,B,易,单选题
595,（）高度评价“三个代表”重要思想的历史地位和重要作用，把“三个代表”重要思想同马克思列宁主义、毛泽东思想、邓小平理论一道确立为中国共产党必须长期坚持的指导思想，并写入党章。,党的十六大,党的十六届一中全会,党的十七大,庆祝中国共产党成立80周年大会,,A,易,单选题
596,2003年春，我国遭遇一场过去从未出现过的（）重大疫情。在党中央、国务院坚强领导下，举国上下紧急动员，坚持群防群控，携手共克时艰，有效控制了疫情，保持了经济较快增长。,非典型肺炎,新冠肺炎,禽流感,中东呼吸综合征,,A,易,单选题
597,非典的发生和蔓延，暴露出我国在经历了一个经济高速发展阶段之后，存在发展不够协调、公共卫生事业发展滞后、突发事件应急机制不健全等新矛盾新问题，引发了党中央对新形势下（）的深入思考。,建设什么样的党、怎样建设党,实现什么样的发展、怎样发展,坚持和发展什么样的中国特色社会主义,怎样坚持和发展中国特色社会主义,,B,易,单选题
598,2006年10月召开的党的十六届六中全会提出了“（）”新的发展方针，强调既要保持经济平稳较快增长，又要努力提高质量和效益。,促进经济又好又快发展,新发展理念,急速发展、紧盯增速,多快好省、力争上游,,A,易,单选题
599,《中共中央关于构建社会主义和谐社会若干重大问题的决定》强调，必须坚持（），始终把最广大人民的根本利益作为党和国家一切工作的出发点和落脚点。,只看经济发展速度,以人为本,主观主义,高度集中,,B,易,单选题
600,2006年1月1日起，在我国存在2600年的（）成为历史，这根本性地扭转了农民负担过重的状况，给亿万农民带来了看得见、摸得着的实惠。,个人所得税,耕地占用税,消费税,农业税,,D,易,单选题
601,2006年，我国将延续50多年的国民经济和社会发展计划中“计划”一词改为（），这一字之差反映我国发展理念、经济体制、政府职能的重大变革。,“谋划”,“规划”,“策划”,“计议”,,B,易,单选题
602,2008年5月12日，（）发生里氏8.0级特大地震，我国迅速开展了历史上救援速度最快、动员范围最广、投入力量最大的抗震救灾斗争。,四川汶川,四川雅安,青海玉树,西藏昌都,,A,易,单选题
603,为了更好地解决经济长期积累的结构性矛盾和经济增长方式粗放问题，党的十七大提出（）的战略任务。,发展粗放型经济,减少社会服务,加快转变经济发展方式,集中全部力量建设东部沿海地区,,C,易,单选题
604,党的十七届三中全会强调，农业是安天下、稳民心的战略产业，要求坚决守住（）耕地红线，促进城乡经济社会发展一体化。,1亿亩,8亿亩,10亿亩,18亿亩,,D,易,单选题
605,“十一五”时期，国家面貌发生新的历史性变化。2010年中国经济总量超过日本，成为世界第（）大经济体。,一,二,三,四,,B,易,单选题
606,党的十六大到十八大期间，我国在重要学科前沿和战略必争领域取得的重大自主创新成果不包括（）。,“神舟五号”飞船首次实现载人航天飞行,“神舟七号”飞船航天员成功进行中国人的第一次太空漫步,发射“祝融号”火星探测器，探索未知宇宙,“嫦娥一号”首次完成绕月探测,,C,易,单选题
607,（）8月至9月，北京成功举办第二十九届夏季奥运会、第十三届残疾人奥运会，实现了中华民族的百年期盼，兑现了对国际社会的郑重承诺，进一步增进了同世界各国人民的相互了解和友谊。,2001年,2008年,2011年,2012年,,B,易,单选题
608,2010年5月至10月，以“城市，让生活更美好”为主题的世界博览会在（）举行，这是第一次在发展中国家举办的注册类世博会，书写了中国人民同世界各国人民交流互鉴的新篇章。,北京,上海,广州,深圳,,B,易,单选题
609,党的十七大首次把（）纳入中国特色社会主义政治制度的基本范畴，作为发展社会主义民主政治的基础性工程加以推进。,人民代表大会制度,民族区域自治制度,中国共产党领导的多党合作和政治协商制度,基层群众自治制度,,D,易,单选题
610,2008年，城乡（）实现全部免除学杂费，惠及1.6亿学生，确保所有适龄儿童都能“不花钱，有学上”。,高等教育,职业教育,中等教育,义务教育,,D,易,单选题
611,从2003年开始，内地与香港、澳门分别签署（）及其补充协议，进一步实现了互利共赢。,《关于建立更紧密经贸关系的安排（CEPA）》,《海峡两岸服务贸易协议》,《两岸经济合作框架协议》,《东盟服务贸易协议》,,A,难,单选题
612,2005年3月14日，十届全国人大三次会议高票通过（），这充分表明全中国人民反对“台独”、维护国家统和领土完整的共同意志和坚定决心。,《中华人民共和国国防法》,《中华人民共和国国家安全法》,《反分裂国家法》,《中华人民共和国反间谍法》,,C,难,单选题
613,2005年4月29日，中共中央总书记胡锦涛在北京会见中国国民党主席（），实现了60年来中国共产党和中国国民党主要领导人之间第一次历史性握手。,连战,宋楚瑜,韩国瑜,马英九,,A,易,单选题
614,2009年9月，党的十七届四中全会通过（），提出了提高党的建设科学化水平的重大命题和重大任务。,《中国共产党纪律处分条例》,《关于领导干部报告个人有关事项的规定》,《关于加强和改进新形势下党的建设若干重大问题的决定》,《关于对配偶子女均已移居国（境）外的国家工作人员加强管理的暂行规定》,,C,难,单选题
615,2012年11月8日至14日，（）在北京举行。这是在我国进入全面建成小康社会决定性阶段召开的一次十分重要的大会。,党的十六大,党的十七大,党的十八大,党的十九大,,C,易,单选题
616,（）确立了科学发展观的历史地位。,党的十七大,党的十八大,党的十九大,党的二十大,,B,易,单选题
617,党的十八大阐明，中国特色社会主义的总依据是社会主义初级阶段，总布局是（）。,“三位一体”,“四位一体”,“五位一体”,“四个全面”,,C,易,单选题
618,2012年11月29日，习近平在参观（）展览时首次提出并阐释实现中华民族伟大复兴的中国梦。,《复兴之路》,国家“十二五”科技创新成就展,庆祝中华人民共和国成立70周年大型成就展,庆祝改革开放40周年大型展览,,A,易,单选题
619,经过充分酝酿，2016年10月，（）明确了习近平总书记党中央的核心、全党的核心地位，正式提出“以习近平同志为核心的党中央”。,党的十八届三中全会,党的十八届六中全会,党的十九届三中全会,党的十九届四中全会,,B,难,单选题
620,2017年10月，（）把“坚定维护以习近平同志为核心的党中央权威和集中统一领导”写入党章。,党的十八届六中全会,党的十九大,党的十九届三中全会,党的十九届四中全会,,B,难,单选题
621,推进（），是适应和引领经济发展新常态的重大创新。 2015年11月，习近平在中央财经领导小组第十一次会议上首次提出这一理念。,要素市场化配置改革,供给侧结构性改革,产权制度改革,放管服改革,,B,易,单选题
622,2013年至2017年，我国国内生产总值年均增长超过7%；2017年，国内生产总值超过83万亿元，稳居（），占世界经济比重达到15%左右，成为世界经济增长的主要动力源和稳定器。,世界第一,世界第二,世界第三,世界第四,,B,易,单选题
623,2015年颁布的（）首次将“参加中国共产党领导的政治协商”作为民主党派基本职能之一。,《关于加强党的政治建设的意见》,《中华人民共和国公共文化服务保障法》,《中国共产党纪律处分条例》,《中国共产党统一战线工作条例》,,D,易,单选题
624,基层群众自治制度的主要内容不包括以下的（）。,民主选举,民主协商,民主决策,直接参政,,D,易,单选题
625,2017年3月，（）施行，实现了人民群众基本文化权益的法律保障。,《中华人民共和国环境保护法》,《中华人民共和国公共文化服务保障法》,《生态文明体制改革总体方案》,《中国共产党纪律处分条例》,,B,易,单选题
626,2015年10月，党的十八届五中全会审议通过“十三五”规划建议，把（）作为全面建成小康社会的基本标志。,国民人均收入达到1万美元,城市人均住宅面积达到50平方米,所属省市的经济增长率到达10%,农村贫困人口脱贫,,D,易,单选题
627,（）是“四个全面”战略布局中具有突破性和先导性的关键环节。,全面建成小康社会,全面深化改革,全面依法治国,全面从严治党,,B,难,单选题
628,2013年11月，（）审议通过的《中共中央关于全面深化改革若干重大问题的决定》，对全面深化改革作出顶层设计和总体规划。,党的十八届三中全会,党的十八届四中全会,党的十九届三中全会,党的十九届四中全会,,A,难,单选题
629,（）在“四个全面”战略布局中具有基础性、保障性作用。,全面建成小康社会,全面深化改革,全面依法治国,全面从严治党,,C,易,单选题
630,为了增强全社会的宪法意识、弘扬宪法精神，2014年11月，十二届全国人大常委会以立法形式将（）设立为国家宪法日。,4月15日,9月3日,10月23日,12月4日,,D,中,单选题
631,2017年5月印发的《关于实行国家机关“谁执法谁普法”普法责任制的意见》，首次将（）明确为法治宣传教育的责任主体。,国家机关,社区街道,居民委员会,物业公司,,A,易,单选题
632,（）是“四个全面”战略布局的根本保证，是党的十八大以来党中央抓党的建设的鲜明主题。,全面建成小康社会,全面深化改革,全面依法治国,全面从严治党,,D,易,单选题
633,2014年10月30日至11月2日，新世纪第一次全军政治工作会议在（）召开。,湖南湘西,甘肃兰州,福建福州,福建古田,,D,易,单选题
634,2015年11月7日，习近平同台湾地区领导人（）在新加坡会晤。这是1949年以来两岸领导人的首次会晤，开创了两岸领导人直接对话、沟通的先河。,连战,马英九,朱立伦,洪秀柱,,B,易,单选题
635,统筹推进“五位一体”总体布局，（）是根本。,民主政治建设,经济建设,思想文化建设,生态文明建设,,B,中,单选题
636,2015年3月，十二届全国人大三次会议对有“管法的法”之称的（）作出重要修改，赋予设区的市地方立法权。,诉讼法,组织法,立法法,选举法,,C,中,单选题
637,在党中央统一部署下，各地积极创新社区治理体制机制，推动形成城乡社区治理体系。其特点不包括（）。,多方参与、共同治理,政协统一管理,基层党组织领导,基层政府主导,,B,易,单选题
638,（）是推动我国生态文明建设的纲领性文件。,《巴黎协定》,《关于打赢脱贫攻坚战的决定》,《关于加快推进生态文明建设的意见》,《生态文明体制改革总体方案》,,C,难,单选题
639,十二届全国人大常委会第十五次会议通过（），以法律形式确立了总体国家安全观的指导地位。,《中华人民共和国治安管理处罚法》,《中华人民共和国国家安全法》,《反分裂国家法》,《中华人民共和国网络安全法》,,B,易,单选题
640,2017年10月18日至24日，（）在北京举行。这是在全面建成小康社会决胜阶段、中国特色社会主义进入新时代的关键时期召开的一次十分重要的大会。,党的十六大,党的十七大,党的十八大,党的十九大,,D,易,单选题
641,（）一致同意，在党章中把习近平新时代中国特色社会主义思想同马克思列宁主义、毛泽东思想、邓小平理论、“三个代表”重要思想、科学发展观一道确立为党的行动指南。,党的十六大,党的十七大,党的十八大,党的十九大,,D,易,单选题
642,党的建设总体布局抓住了新时代党的建设的关键，突出了（）的统领地位和纪律建设这个治本之策。,政治建设,组织建设,作风建设,思想建设,,A,易,单选题
643,（）进一步回答了“建设什么样的党、怎样建设党”这一历史性课题，标志着党对执政党建设规律的认识达到新的高度。,“绿水青山就是金山银山”,党的建设总体布局,“四个全面”,“五位一体”,,B,易,单选题
644,（）作出了中国特色社会主义进入新时代的重大政治判断。,党的十七大,党的十八大,党的十九大,党的二十大,,C,易,单选题
645,（）是世界最大发展中国家。,印度,巴西,中国,俄罗斯,,C,易,单选题
646,党的十九大把（）确立为党必须长期坚持的指导思想并庄严地写入党章。,邓小平理论,“三个代表”重要思想,科学发展观,习近平新时代中国特色社会主义思想,,D,易,单选题
647,党的十九届六中全会通过的（）科学阐明了习近平新时代中国特色社会主义思想在马克思主义发展史、中华文化发展史上的重要历史地位。,《关于若干历史问题的决议》,《关于建国以来党的若干历史问题的决议》,《中共中央关于党的百年奋斗重大成就和历史经验的决议》,《解放思想，实事求是，团结一致向前看》,,C,易,单选题
648,中国人民和中华民族之所以能够扭转近代以后的历史命运、取得今天的伟大成就，最根本的原因是（）。,抗日战争的胜利,拥有先进的武器和装备,对世界局势的把握,中国共产党的坚强领导,,D,中,单选题
649,党的十八大以来，以“得罪千百人、不负十四亿”的使命担当祛疴治乱，党开展了史无前例的（）。,污染防治攻坚战,精准脱贫攻坚战,反腐败斗争,防范化解重大风险攻坚战,,C,易,单选题
650,2018年12月，党中央举行庆祝改革开放（）大会，大会回顾了改革开放的光辉历程，总结了改革开放的伟大成就和宝贵经验，宣示了在新时代继续把改革开放推向前进的信心和决心。,25周年,30周年,40周年,50周年,,C,易,单选题
651,2018年3月，十三届全国人大一次会议通过的宪法修正案，把（）载入宪法，实现了国家指导思想的与时俱进，反映了全国各族人民共同意志和全社会共同意愿。,邓小平理论,“三个代表”重要思想,科学发展观,习近平新时代中国特色社会主义思想,,D,易,单选题
652,2018年8月，中共中央印发修订后的（），对在重大原则问题上不同党中央保持一致，搞山头主义、落实党中央决策部署打折扣、搞变通、搞两面派、做两面人等行为的处理作出具体规定，为确保全党令行禁止提供了有力纪律保障。,《中国共产党重大事项请示报告条例》,《关于加强党的政治建设的意见》,《中国共产党纪律处分条例》,《中国共产党中央委员会工作条例》,,C,易,单选题
653,（）决定党的建设的方向和效果，是党的建设的“灵魂”和“根基”。,党的政治建设,党的纪律建设,党的组织建设,党的思想建设,,A,易,单选题
654,我国出台《关于优化生育政策促进人口长期均衡发展的决定》，提出实施一对夫妻可以生育（）子女及配套支持措施。,一个,二个,三个,四个,,C,易,单选题
655,（）是新中国成立以来我国遭遇的传播速度最快、感染范围最广、防控难度最大的一次重大突发公共卫生事件，也是百年来全球发生的最严重的传染病大流行。,“非典”疫情,H1N1流感,H1N5流感,新冠肺炎疫情,,D,易,单选题
656,2020年唯一实现正增长的世界主要经济体是（）。,美国,中国,欧盟,日本,,B,易,单选题
657,2020年10月26日至29日，（）审议通过《中共中央关于制定国民经济和社会发展第十四个五年规划和二〇三五年远景目标的建议》。,党的十八届六中全会,党的十九届三中全会,党的十九届四中全会,党的十九届五中全会,,D,中,单选题
658,立足我国发展新的历史方位，面对“两个一百年”奋斗目标的历史交汇期，（）进一步指明了党和国家事业的前进方向。,党的十七大,党的十八大,党的十九大,党的二十大,,C,易,单选题
659,2020年5月29日，（）在北京举行，强调，如果“台独”分裂势力一意孤行甚至铤而走险，将采取一切必要手段，坚决粉碎“台独”分裂图谋，坚决捍卫国家主权和领土完整。,庆祝改革开放40周年大会,《反分裂国家法》实施15周年座谈会,党的十九届五中全会,纪念孙中山先生诞辰150周年大会,,B,难,单选题
660,新时代十年来，中国承担的联合国会费数额稳步增长，已成为第（）大联合国会费国和维和摊款国。,一,二,三,四,,B,中,单选题
661,（）时期是我国进入新发展阶段后的第一个五年，是开启全面建设社会主义现代化国家新征程、向第二个百年奋斗目标进军的关键时期。,“十一五”,“十二五”,“十三五”,“十四五”,,D,易,单选题
662,2021年2月25日，（）举行，习近平在会上庄严宣告：我国脱贫攻坚战取得了全面胜利。,“不忘初心、牢记使命”主题教育总结大会,全国脱贫攻坚总结表彰大会,党史学习教育动员大会,庆祝中国共产党成立100周年大会,,B,易,单选题
663,带领乡亲们历时7年在绝壁上凿出一条通向外界道路的村党支部书记毛相林说：“山凿一尺宽一尺，路修一丈长一丈，就算我们这代人穷十年苦十年，也一定要让下辈人过上好日子。”这鲜明体现了（）。,农村贫困人口全部脱贫,脱贫群众激发了奋发向上的精气神,党群干群关系明显改善,脱贫地区经济社会发展大踏步赶上来,,B,易,单选题
664,广大扶贫干部舍小家为大家，加班加点、任劳任怨，把心血和汗水洒遍千山万水。百色百坭村驻村第一书记（）遭遇山洪，因公殉职，用美好青春诠释了共产党人的初心使命。,张小娟,曾翙翔,吴应谱,黄文秀,,D,易,单选题
665,改革开放以来，按照现行贫困标准计算，中国（）农村贫困人口摆脱贫困；按照世界银行国际贫困标准，中国减贫人口占同期全球减贫人口70%以上。,3.2亿,5.3亿,6.4亿,7.7亿,,D,难,单选题
666,按照世界银行国际贫困标准，中国减贫人口占同期全球减贫人口的（）以上。,20%,30%,50%,70%,,D,难,单选题
667,2020年人均国民收入突破（），按世界银行标准，达到中高收入国家水平。,1万人民币,1万美元,5万人民币,5万美元,,B,易,单选题
668,2017年，服务业占国内生产总值提升至51.6%，比1978年上升27个百分点，对经济增长的贡献率为58.8%。到2018年，第三产业占比进一步提升至52.2%，贡献率为59.7%，比1978年提高41.3个百分点。这说明（）。,装备制造业和高技术产业快速增长,高技术产业、农业、社会领域投资持续较快增长,重大区域战略加快落实,第三产业成为经济增长“新引擎”,,D,易,单选题
669,对外开放持续扩大，我国关税总水平已降至（）。,7.4%,10.5%,12.5%,15.5%,,A,难,单选题
670,（）是“十四五”开局之年，中国共产党将带领人民乘势而上开启全面建设社会主义现代化国家新征程。,2019年,2020年,2021年,2022年,,C,易,单选题
671,（）是中国共产党成立100周年。,2019年,2020年,2021年,2022年,,C,易,单选题
672,2021年6月18日，（）开馆。习近平参观“‘不忘初心、牢记使命’中国共产党历史展览”，并带领党员领导同志重温入党誓词。,中国共产党历史展览馆,新文化运动纪念馆,南湖革命纪念馆,中国共产党第一次全国代表大会会址纪念馆,,A,易,单选题
673,2021年6月28日，庆祝中国共产党成立100周年文艺演出（）在北京举行。演出以大型情景史诗形式呈现，综合运用多种艺术手段，生动展现中国共产党波澜壮阔的百年历史。,《东方红》,《伟大征程》,《长征组歌》,《延安颂》,,B,易,单选题
674,2021年6月29日，庆祝中国共产党成立100周年（）颁授仪式在北京人民大会堂金色大厅隆重举行。习近平向勋章获得者颁授勋章。,“七一勋章”,“五一勋章”,“共和国勋章”,“人民英雄”,,A,易,单选题
675,2021年（），中共中央在天安门广场隆重召开庆祝中国共产党成立100周年大会。,1月1日,7月1日,7月23日,8月1日,,B,易,单选题
676,在脱贫攻坚斗争中，（）名同志将生命定格在了脱贫攻坚征程上，生动诠释了共产党人的初心使命。,200多,500多,1000多,1800多,,D,易,单选题
677,2020年11月，随着新疆、云南、宁夏、四川、广西、甘肃、贵州的最后52个贫困县宣布退出贫困县序列，现行标准下（）农村贫困人口全部脱贫。,2999万,5999万,8899万,9899万,,D,易,单选题
678,人民生活水平显著提高，居民收入持续增加，2020年全国居民人均年可支配收入增加到（）。,9988元,20189元,32189元,68999元,,C,易,单选题
679,（）对“十四五”时期把握新发展阶段、贯彻新发展理念、构建新发展格局、推动高质量发展作出了系统谋划和战略部署。,党的十九大,党的十九届三中全会,党的十九届五中全会,党的十九届六中全会,,C,中,单选题
680,党的十九届五中全会审议通过了关于“十四五”规划和（）年远景目标的建议。,2027,2030,2035,2049,,C,中,单选题
681,2021年11月，党的十九届六中全会召开，审议通过了（），着重阐释党的十八大以来党和国家事业取得的历史性成就、发生的历史性变革。,《关于若干历史问题的决议》,《关于建国以来党的若干历史问题的决议》,《中共中央关于党的百年奋斗重大成就和历史经验的决议》,《解放思想，实事求是，团结一致向前看》,,C,中,单选题
682,中国共产党第二十次全国代表大会于（）在北京隆重开幕。习近平代表第十九届中央委员会向大会作题为《高举中国特色社会主义伟大旗帜，为全面建设社会主义现代化国家而团结奋斗》的报告。,2017年10月6日,2021年11月8日,2022年10月16日,2023年3月5日,,C,中,单选题
